Price,Close,High,Low,Open,Volume
Ticker,ICICIBANK.NS,ICICIBANK.NS,ICICIBANK.NS,ICICIBANK.NS,ICICIBANK.NS
Date,,,,,
2021-01-01,505.9262390136719,515.0377068252925,504.5834729732283,513.6469973988901,13592625
2021-01-04,509.9544982910156,513.11952289266,502.8571207270198,510.52993602261097,16549750
2021-01-05,515.2774658203125,517.8670525075586,501.6102645398296,505.1110096868941,23311516
2021-01-06,524.3409423828125,528.0814041126355,513.9346531935635,516.7160717050868,28178838
2021-01-07,518.969970703125,531.7260717234732,517.6752066634016,529.5680926313146,21138034
2021-01-08,519.8812255859375,524.7246789613213,514.4143324971436,524.6287921772306,21937965
2021-01-11,522.4228515625,523.6696724080649,513.1195508027741,522.8544591541405,19394393
2021-01-12,525.5878295898438,528.129472984273,515.1335956952024,518.8741164381487,16388310
2021-01-13,533.7401733398438,538.056131614829,525.8275831690374,528.9446641454157,21920297
2021-01-14,530.6710205078125,535.610418251796,528.0814339094029,531.3903468663191,13330898
2021-01-15,520.7922973632812,528.4651120573996,519.3536446081341,527.5060102206348,15708956
2021-01-18,511.34515380859375,525.9714564222927,507.26897111297274,522.2309359448572,21580313
2021-01-19,524.1011962890625,525.3480169354823,512.0644802697094,516.9558760898676,20575358
2021-01-20,528.4652099609375,531.9179537973744,523.6696998886968,524.1013075029866,16097138
2021-01-21,530.0956420898438,538.0561763060138,527.2183363341966,532.3015647947194,18189277
2021-01-22,511.9685974121094,530.8629170997804,508.8994595350009,530.4792529130408,24515997
2021-01-25,516.0447998046875,520.1209831499677,509.4749747696347,514.6061468592945,23415249
2021-01-27,500.98681640625,517.1477173303118,497.8697354654614,515.8049513556309,28049286
2021-01-28,506.6455383300781,508.1800778323068,491.0601336961666,493.55377502202055,29836591
2021-01-29,515.0377197265625,522.6625915308599,507.7965120974116,511.53697437988643,33172808
2021-02-01,579.105712890625,584.5246620166673,528.4651445076596,529.4242464033179,69354326
2021-02-02,592.1014404296875,598.479490466414,574.214227961378,587.9293712434484,42362384
2021-02-03,596.8970336914062,601.8364318062661,588.888556380952,597.9041375000774,27155908
2021-02-04,602.6036987304688,605.8167251477457,584.0930441777774,593.492230882047,29982222
2021-02-05,589.0324096679688,609.3173781581226,586.0112155014483,602.6036653782369,32015570
2021-02-08,603.8504028320312,608.0225303222475,596.896915553926,596.896915553926,18230551
2021-02-09,607.4472045898438,616.8943940447033,602.8914702675485,605.5290006646668,27155615
2021-02-10,606.2962036132812,612.0987575785106,600.7813684695071,607.4470788991019,23967387
2021-02-11,604.857666015625,607.6869699268365,598.5755014344866,601.1171450084538,16072702
2021-02-12,621.1142578125,623.3202386257649,603.658653132906,604.1382039985855,19049709
2021-02-15,646.38671875,649.1201356713515,625.3344209385314,628.2117265563467,27155194
2021-02-16,631.4246826171875,651.6138234894805,622.9845980037339,645.8592123613623,24966739
2021-02-17,630.4655151367188,637.754723596953,622.7927010978988,628.01981736963,21684753
2021-02-18,618.2850341796875,625.7180735551965,611.5233192714663,623.4162056878533,27845347
2021-02-19,598.5275268554688,609.5092552791426,593.6840739855063,609.5092552791426,24055811
2021-02-22,584.908203125,603.5627446453855,582.4625052686657,596.5613132872595,27092321
2021-02-23,591.094482421875,597.5684201719565,584.140993727343,589.6078862018652,23534585
2021-02-24,614.880126953125,618.6206473058942,589.9434807051355,589.9434807051355,17762047
2021-02-25,602.3159790039062,621.8816807183324,600.6854941045485,616.4147883093957,38571809
2021-02-26,573.3031005859375,589.8476066254312,566.7332766756808,589.8476066254312,57349273
2021-03-01,583.4696044921875,586.826461067641,575.652959304134,582.7023346970133,21527318
2021-03-02,585.5316772460938,591.2862883246794,574.5020060121378,585.0521263228783,24051433
2021-03-03,606.2482299804688,607.8307713807001,588.7446219683223,592.7249178907655,21036174
2021-03-04,595.3624877929688,605.0973952215884,590.6149218128098,593.4442840465557,25057198
2021-03-05,584.524658203125,589.5599431224794,576.8997864746017,588.1212902883781,26645968
2021-03-08,583.181884765625,590.8067563977,576.5641169358287,586.5866847221433,19632433
2021-03-09,599.5344848632812,602.6515655734177,587.2579940819137,589.7036918543895,23056249
2021-03-10,600.0140380859375,604.7136601289973,596.3694631030166,603.035232047751,15838994
2021-03-12,587.7854614257812,611.9068929245028,583.4695037170661,605.6247884118243,21757862
2021-03-15,578.8179321289062,587.7855104787126,566.4454955824935,586.8744106064207,24347946
2021-03-16,570.6177368164062,582.1749040103057,569.3709159455889,582.0310152971985,17925629
2021-03-17,565.3905029296875,578.9618166191433,562.9927484643368,573.1112606003312,20214082
2021-03-18,554.936279296875,576.8038472165829,551.9630871258432,570.4257968168466,22776537
2021-03-19,562.6571044921875,564.8150835809497,546.688035819775,551.6753769771448,29162618
2021-03-22,549.9969482421875,562.8488774567164,546.208484360174,562.8488774567164,21755401
2021-03-23,562.4172973632812,565.150713972866,550.8121309050565,552.4426156103026,29486417
2021-03-24,544.290283203125,556.8065502544595,541.8925286515694,556.2790559609031,24434219
2021-03-25,548.1746826171875,555.3200035240314,534.3156483689476,544.8657693339983,27170186
2021-03-26,554.8883666992188,560.5950344462785,550.8121838140233,560.5950344462785,20724410
2021-03-30,567.2608032226562,568.8432861583041,558.197278995104,558.197278995104,28011943
2021-03-31,558.2931518554688,565.5344175034764,555.3199595978914,562.0336724082287,20119972
2021-04-01,570.0901489257812,571.7205751992258,556.4708912855509,563.5202662927583,15631940
2021-04-05,547.8869018554688,567.788264154814,540.453862924388,567.788264154814,23260127
2021-04-06,542.7557373046875,554.840396686435,541.3170845907209,551.1958215188389,23284697
2021-04-07,554.0252075195312,556.2790734532954,536.5215987427681,543.3791418524974,23984399
2021-04-08,553.114013671875,561.8897599218,549.8530441722431,558.1972414480667,19262565
2021-04-09,543.0435791015625,555.3200733327361,541.8926449619963,550.4766198067935,23239564
2021-04-12,516.5243530273438,529.376342810853,509.4270335893105,528.8488484363747,26601702
2021-04-13,537.6724243164062,540.7415616623333,515.8528592327415,518.8740531983577,25445897
2021-04-15,551.6753540039062,553.1619500509174,531.4862732997768,542.8036625639912,37614884
2021-04-16,543.7628173828125,554.1211058801416,541.0293419275475,551.0999115714098,24045008
2021-04-19,536.857177734375,539.3028753668722,512.5439730024381,527.5059361391804,28526176
2021-04-20,536.2338256835938,549.2297026977005,529.9996636032064,542.0843821439317,24425842
2021-04-22,555.5117797851562,556.8544871951352,524.5328030452572,529.4241988582675,34942633
2021-04-23,546.64013671875,556.7586500023934,543.8587178079017,546.5921933317907,33749097
2021-04-26,566.9251708984375,580.7362631655141,563.9519781029269,577.3794061529966,62584522
2021-04-27,574.2622680664062,577.3314058832747,566.9251150463095,568.9872075664226,24239685
2021-04-28,595.9379272460938,597.3286366741015,573.5429218567261,573.5429218567261,33292864
2021-04-29,596.0338745117188,602.7475876658382,584.0930444083912,597.0888631632214,34537860
2021-04-30,575.9406127929688,591.142352429469,573.638745129766,585.147966367927,23653258
2021-05-03,572.3440551757812,574.3581457373658,563.4723626573465,568.3158155136781,18010557
2021-05-04,567.356689453125,583.133926643283,564.9109914356804,572.2481440269456,15115127
2021-05-05,578.1466064453125,580.0648102215338,560.7868856860832,570.9533422844827,17253943
2021-05-06,583.3257446289062,585.8673293546784,574.7417715438693,578.1465713320879,16949763
2021-05-07,582.2706909179688,589.655786632291,579.009779856622,586.970313246791,10941083
2021-05-10,588.169189453125,591.7658212679627,586.0112103642224,586.0112103642224,12060808
2021-05-11,584.908203125,587.8335104151873,578.5781547275551,581.5993487811564,13818480
2021-05-12,570.4258422851562,581.8391780558255,568.9392460811447,578.5302648669397,14785569
2021-05-14,572.87158203125,577.3314295065713,566.9251382438007,567.7883534128749,12675754
2021-05-17,598.095947265625,598.9591624284947,576.6120989007593,578.5782461729214,20453101
2021-05-18,607.3032836914062,609.5092061680208,600.3977388846279,602.3159425232369,19242627
2021-05-19,599.8702392578125,608.070548032164,597.856090331825,601.4527221222361,13911576
2021-05-20,593.3003540039062,607.0155566661169,591.4301523126309,602.3638777818732,13900762
2021-05-21,616.1749877929688,617.6136405505807,596.8490623334765,596.8490623334765,23975898
2021-05-24,620.8745727539062,626.725129290155,611.9069936759524,616.942278498521,20323003
2021-05-25,623.703857421875,625.3343421075479,616.2228754664103,623.5120253637502,14884778
2021-05-26,625.81396484375,629.7942609859152,616.9902160071322,622.7927705634143,14487031
2021-05-27,625.5741577148438,629.6503404213031,621.5938617741413,624.4711672139949,23349546
2021-05-28,616.7504272460938,633.0072151614349,613.1058519574958,631.1369548633991,14191446
2021-05-31,635.6447143554688,637.8026933932655,617.4217802585183,617.4217802585183,21786138
2021-06-01,623.5120849609375,637.7068390739963,621.8336567350354,637.3711183054573,14123196
2021-06-02,621.8336791992188,622.7927810772396,614.8801905835679,621.9775678964951,16025108
2021-06-03,623.6559448242188,626.916914356518,618.3808849295118,626.7250822889248,11805702
2021-06-04,616.414794921875,628.1158496593986,613.2497704003066,626.2935326572268,15111572
2021-06-07,621.6898193359375,623.4161909261006,617.9013553909851,618.8125138393555,7556341
2021-06-08,616.1270141601562,621.4979607759825,611.3315052035515,621.4979607759825,11912935
2021-06-09,610.0845947265625,619.1960612763978,603.0831637171055,618.045186017032,15823094
2021-06-10,614.2088623046875,616.1270660488759,605.1932812914291,609.4612963300348,10712418
2021-06-11,609.7010498046875,618.1890776509646,605.6728103794136,617.6615833481272,9015059
2021-06-14,609.1735229492188,610.0846228150099,597.8560750403833,609.7010172238681,10170497
2021-06-15,618.9083862304688,619.7716012749639,609.9887511060434,610.3244133239423,11039987
2021-06-16,613.9210815429688,622.6489436544905,611.5233268758913,618.5248173349036,8601339
2021-06-17,607.1115112304688,611.4754132289987,601.0691808833553,607.1594546183555,9720060
2021-06-18,604.6177978515625,610.5641821776268,595.314498688147,606.7277749794288,13820690
2021-06-21,605.4330444335938,607.2073594452721,591.0465166450728,597.3765654564494,13407446
2021-06-22,605.0493774414062,617.7574769283761,603.8025567466973,609.0296735264825,15270093
2021-06-23,599.1509399414062,609.0296773304765,597.9520626238266,607.8308000128968,10950633
2021-06-24,608.1185913085938,610.2765707373247,598.9112358282505,601.3569341396911,12815724
2021-06-25,622.4570922851562,623.4161941222675,610.0846551708498,610.0846551708498,14785922
2021-06-28,623.703857421875,626.2934438592465,619.7236202756807,624.3752403558492,12093491
2021-06-29,613.9210815429688,622.2173361066301,610.4203948523949,619.8675248251076,12225470
2021-06-30,605.097412109375,614.5924857957602,604.0423648960426,612.1947310458244,14276494
2021-07-01,605.0493774414062,611.3315413774307,604.2821076707339,608.0226282937919,10517081
2021-07-02,614.0650024414062,615.1199911346732,606.3921871043797,606.3921871043797,10999396
2021-07-05,621.3541870117188,621.9776267069542,614.9761940431756,616.4627903868849,7358568
2021-07-06,623.703857421875,628.2116473626439,618.8124619037818,618.8124619037818,9209891
2021-07-07,627.252685546875,627.9720120211259,619.4839830405394,624.2794928688795,7741559
2021-07-08,615.6475219726562,627.2526313387323,612.0028879869421,623.895774748999,10782941
2021-07-09,612.4344482421875,614.9281480681834,607.8787146508283,613.3456066682451,7069698
2021-07-12,619.819580078125,623.6559875370225,616.1270613145091,619.5798046119439,6992783
2021-07-13,637.7547607421875,639.09746815383,626.2934823963672,628.3555747049742,19825411
2021-07-14,637.1792602539062,640.680005255078,631.2808192809779,634.9253944294336,11648541
2021-07-15,640.152587890625,642.2146218942291,634.0622555783191,637.8986632563945,8244429
2021-07-16,633.294921875,640.4402421625099,630.8012805513392,640.1525233234613,9212875
2021-07-19,629.0748901367188,630.0339919307744,619.1481514448853,619.2440967476476,9121737
2021-07-20,615.6475219726562,624.6151011610847,612.9619898697231,622.1214596814276,13169127
2021-07-22,629.1228637695312,633.2949333587133,621.7857112766325,625.8139507131468,13123569
2021-07-23,648.976318359375,650.127193798135,624.1355559516423,629.1228974956928,19298083
2021-07-26,649.0721435546875,659.6222633612654,636.4599314612526,652.189224406631,31054759
2021-07-27,649.74365234375,657.5602984089361,645.7633556849248,652.3332394146158,12598869
2021-07-28,657.03271484375,658.9029751710174,642.646187001588,650.1751716956785,18367497
2021-07-29,661.313232421875,666.122783203125,657.0808042502404,666.122783203125,11043138
2021-07-30,656.503662109375,661.4575227508178,652.1750665350274,660.8322576837224,14536250
2021-08-02,655.445556640625,661.8422234917526,651.886477577339,657.9945831444882,9348206
2021-08-03,664.1028442382812,665.5457095788537,650.8765786163672,656.9846850739874,10162609
2021-08-04,687.4290771484375,690.0743299261285,666.7960937403815,667.5656100790976,28730606
2021-08-05,675.6937866210938,689.208612286743,672.4232686753058,688.2467021509624,17774554
2021-08-06,671.0765991210938,679.1085249046,669.2008626997581,678.1946985751973,14701949
2021-08-09,676.0785522460938,679.3971541372249,667.9023156469517,670.8361886890324,8602980
2021-08-10,674.2028198242188,681.3209194145638,670.7399082007802,677.2808852090524,10843554
2021-08-11,667.1328125,680.214826544879,663.7180430063108,679.3490838742131,9748084
2021-08-12,674.6356201171875,676.1747114919038,666.89225561203,667.0846493726611,8840339
2021-08-13,677.9542236328125,682.8600003465434,674.2989770116207,680.1185213478998,12787590
2021-08-16,675.8861694335938,680.4552425044824,672.0385289528454,675.645691903547,7920846
2021-08-17,674.4913940429688,676.1266530039627,665.1608540517307,673.144696378542,8669653
2021-08-18,662.0826416015625,674.1546003657625,657.5616528571506,674.1546003657625,11069373
2021-08-20,654.772216796875,658.331295908859,649.6259625357944,657.8021983856047,13121808
2021-08-23,656.696044921875,663.669893230874,648.1831052081379,663.669893230874,10917371
2021-08-24,667.9984741210938,670.6918106325534,654.483649091002,657.2250693649223,9821388
2021-08-25,664.72802734375,673.7700066449852,660.9766128160503,673.2890515483309,9535359
2021-08-26,672.1828002929688,674.8280532023797,663.7180027249211,665.6899067880511,10756731
2021-08-27,673.0966796875,673.7700285868118,662.8042285418502,669.5856838834503,9135827
2021-08-30,686.4671630859375,687.7657182306314,674.2028093692373,677.6656622286431,10797869
2021-08-31,691.6614379882812,692.4790967904086,682.330898379746,686.803803779248,19760246
2021-09-01,692.4791259765625,706.8115516854041,689.8819568838502,699.8857870082829,13729351
2021-09-02,697.5291748046875,700.3186790376726,690.1705386092486,694.7876956272153,8627956
2021-09-03,696.7115478515625,703.925874369514,693.6334234618353,697.1444191847074,8993813
2021-09-06,693.6815185546875,700.2705795068472,692.5752984133653,697.7696366355998,5329995
2021-09-07,689.5934448242188,694.9320346841002,684.5434162818343,693.4410856184164,6242711
2021-09-08,693.4891357421875,695.2205622735098,687.7657585964158,689.2086238242405,7118011
2021-09-09,692.8157348632812,696.326730138113,690.2666496680929,693.3447736650188,6243422
2021-09-13,680.4552612304688,690.5553177703846,678.3390471657525,690.5553177703846,6967906
2021-09-14,680.5033569335938,686.8038567626685,679.5895305361698,686.0824241400186,5241865
2021-09-15,687.1405029296875,688.7276781861788,679.3971378429858,680.1666542329699,5936741
2021-09-16,699.5010375976562,701.6172515631584,685.6975924140474,692.5752731243462,13557169
2021-09-17,692.7196044921875,706.4268238622698,686.8038337009652,704.983958665419,17075003
2021-09-20,682.9562377929688,692.9601272954802,679.5895521137077,682.9562377929688,7943459
2021-09-21,684.7356567382812,687.284741896347,667.950373061212,684.0623666606016,10009615
2021-09-22,676.5595092773438,687.7657864853312,675.5014315515018,687.7657864853312,9740470
2021-09-23,689.6895751953125,692.5753056354603,680.2147837342951,683.918114315017,10412491
2021-09-24,695.4129638671875,697.0000804094428,689.2567153417624,695.0762600840396,11780868
2021-09-27,702.1944580078125,703.8778008865983,694.7877375990867,696.9039518173427,7712240
2021-09-28,689.8339233398438,707.3887844879531,679.6857237626651,706.1382542598163,13491800
2021-09-29,682.4752807617188,684.8319724725902,674.5876054505937,680.407150366184,11453404
2021-09-30,674.1546630859375,686.7076367285839,672.1827591435228,682.5713763733572,18487517
2021-10-01,665.978515625,668.3832911688331,661.6980621252494,666.6037807505328,10935810
2021-10-04,673.5294799804688,676.5594616422298,667.6137092388853,670.4994396083729,8976533
2021-10-05,670.547607421875,672.3752603691038,665.4975786422788,666.6037989067081,7497208
2021-10-06,663.2369995117188,678.1466057371454,662.1307794366672,670.0665375889104,13200810
2021-10-07,675.4532470703125,678.0984997008346,667.0365341550146,670.9803418654793,10041549
2021-10-08,676.6076049804688,682.9561883173127,671.7018281198759,679.1085478197504,9383924
2021-10-11,686.1304931640625,691.998180261745,673.625661306808,675.2609202917469,9337637
2021-10-12,681.6094970703125,685.8419251415755,677.5695214781396,679.589509274226,7376091
2021-10-13,682.9081420898438,688.6315193866254,680.984321735318,686.6595565549661,6357766
2021-10-14,699.5972290039062,702.0020043398955,682.0423690511852,683.1966729545271,8950350
2021-10-18,717.0559692382812,720.374571165287,704.1663490938071,710.8516367156774,15345601
2021-10-19,718.9797973632812,726.2422076981952,710.6111668040288,726.2422076981952,11349799
2021-10-20,717.440673828125,728.5988669799453,713.6411756406886,718.3064164616612,12762996
2021-10-21,726.72314453125,730.9074303505043,709.3125936725454,720.3745607964493,12166996
2021-10-22,730.3782958984375,736.6787950414567,724.654919306561,729.6087795934703,13248928
2021-10-25,809.6398315429688,833.9761479949875,767.9891313955522,769.5281642398962,96124084
2021-10-26,797.8082885742188,809.6397714796174,791.0267751616714,797.1349397383935,16925115
2021-10-27,803.1949462890625,816.6616879034899,792.8063287857138,797.183008068336,22898400
2021-10-28,768.2777099609375,800.261225005106,765.9210181629832,798.4816558591507,18750423
2021-10-29,771.5,777.9448095460341,754.0413665482897,767.6042757560868,15701200
2021-11-01,773.279541015625,778.8586077680014,762.7946976022804,776.9347875975039,11406421
2021-11-02,770.4420166015625,779.1472925103818,767.6043696583762,778.1853822727146,9452457
2021-11-03,756.0133056640625,775.2995927236186,750.7227997583802,775.2995927236186,11839149
2021-11-04,752.3098754882812,758.9470787485428,749.3279776237197,758.4661236923016,3149310
2021-11-08,750.4342041015625,762.7947256676549,743.7008332570813,762.7947256676549,13967995
2021-11-09,756.5903930664062,758.5622970701373,749.5203771692645,754.1375340027245,10084357
2021-11-10,751.1556396484375,754.4260988452852,743.6526937096465,752.7427561275397,9507347
2021-11-11,742.0656127929688,747.4042024973106,736.9193581544616,747.1156411882208,9221059
2021-11-12,747.0194091796875,750.1937596861887,741.8251295251473,743.267994769798,15380106
2021-11-15,743.8451538085938,754.6666436733875,742.161810940737,747.4042333284161,10934583
2021-11-16,734.9474487304688,746.2018093862573,732.975544637226,743.8451177434534,12785837
2021-11-17,732.3021850585938,742.5465516347117,727.4926343111837,731.9174562250028,11657214
2021-11-18,733.84130859375,738.2660719906005,727.5888923488785,735.7651289767874,20644385
2021-11-22,723.3563842773438,741.1036370964275,712.0539407730103,739.0355069285229,20403786
2021-11-23,723.2120971679688,729.0797841012621,703.3486885004858,712.7273121306753,24913042
2021-11-24,731.2440795898438,742.8350847085579,718.2582930653174,721.6730622241446,23186419
2021-11-25,722.442626953125,726.1941001289069,716.9116434333895,726.1460163621073,17749726
2021-11-26,694.6915283203125,713.7854214854136,691.2286165229643,710.8516072435933,18987552
2021-11-29,691.0363159179688,700.030152865704,683.4372018015565,699.0682426590869,15878074
2021-11-30,687.1405029296875,704.4068021346626,684.0142948932279,689.4491108099772,23965914
2021-12-01,699.9819946289062,704.8396289134694,687.7657245624437,689.1124221925735,15214913
2021-12-02,694.8839721679688,699.4049032711439,687.9582067845334,697.0001277012248,21924640
2021-12-03,689.0162353515625,701.713461196151,687.8619314183568,693.0562697626139,20130259
2021-12-06,682.5233764648438,699.1163275557735,680.5514722801636,691.6134396741168,20129080
2021-12-07,706.6673583984375,712.7273809719758,684.880068684384,689.6896197285159,30513303
2021-12-08,724.7030639648438,729.8973430717961,715.7572534228193,719.4125586255235,33432411
2021-12-09,726.2421875,733.9374689569537,719.8936037821486,730.1379119955152,16007459
2021-12-10,729.1278686523438,730.8592951207969,722.4425815974355,727.6850034769103,7627774
2021-12-13,725.2802124023438,740.3822126519923,723.8373472583072,733.9374032665627,16855546
2021-12-14,729.7531127929688,735.2359533341739,717.8734879629149,722.4425608874742,17488089
2021-12-15,723.596923828125,730.5707725456443,722.2983685855495,728.7431197424353,7358740
2021-12-16,712.9197387695312,729.0317339540828,710.803524674866,729.0317339540828,14123215
2021-12-17,700.5591430664062,713.7373237235854,698.3948452518806,713.7373237235854,13227787
2021-12-20,682.9081420898438,692.7677214067882,671.605697507005,690.7476748083334,16900016
2021-12-21,692.9119873046875,701.1844502296262,688.872011443344,692.5753422196887,14563335
2021-12-22,704.8876953125,706.9558254698961,692.6233417850086,698.5871960267178,9843359
2021-12-23,703.4448852539062,711.3325602742,700.2225097158387,710.8996889619862,9994049
2021-12-24,699.4048461914062,705.945882176033,692.1905200704235,705.945882176033,8800690
2021-12-27,707.9658203125,710.6110730378524,688.8237861976352,696.422899329144,7955163
2021-12-28,707.7734985351562,714.1702247147841,704.5992066839718,712.1983205883165,17833655
2021-12-29,707.6773071289062,716.5749759916604,704.0220603111393,709.889688725686,7143073
2021-12-30,707.6773071289062,712.2944640939979,701.232497399763,705.3686992911923,14326182
2021-12-31,711.957763671875,717.8253916302137,708.4948521845454,708.4948521845454,6973055
2022-01-03,735.5726318359375,736.8231031671315,714.6991718709905,714.7472556317421,9653095
2022-01-04,743.4122314453125,748.3660921719735,734.5145626116483,738.6989069650325,12114437
2022-01-05,758.0333251953125,765.5362130511274,741.8251617276118,743.556588354286,19741360
2022-01-06,755.1474609375,762.3137024374956,744.5183667969989,745.5283605912855,13018067
2022-01-07,763.0352783203125,771.7405540270927,756.3019068129162,762.0252843362712,12250210
2022-01-10,779.86865234375,781.8405564047105,768.566208106884,769.768595791657,10905080
2022-01-11,779.7725219726562,783.6682465149016,771.3558077781524,778.9067793142289,9982061
2022-01-12,792.3734741210938,794.008733093517,781.1191137936345,787.419613439116,13034848
2022-01-13,793.2872924804688,796.4615841535064,786.265360304274,789.7282132729815,9372244
2022-01-14,788.766357421875,790.6901778058308,780.6862883251251,789.7282676138528,7552844
2022-01-17,788.0928955078125,797.3272672525007,783.523822751268,788.7662442876851,6722700
2022-01-18,791.7481079101562,804.1567705571914,787.0347840744747,789.7281203677682,10835146
2022-01-19,777.8004760742188,789.7281846863799,772.6542805716622,784.9186342315298,16416144
2022-01-20,779.3876342773438,781.9848032086095,765.1032932208796,772.4137862693083,13567654
2022-01-21,773.856689453125,780.4457502732224,765.1994983964711,772.413824277016,12078277
2022-01-24,768.0371704101562,785.5920306339557,753.4642081648951,782.032951339666,29612316
2022-01-25,771.1152954101562,773.6643220820446,756.1094618404804,758.9471085257047,19513184
2022-01-27,764.3818969726562,770.9709577814772,751.2998841721226,756.9270935755179,23984679
2022-01-28,751.3960571289062,775.1551883351618,748.846972018763,773.1352007194358,14072314
2022-01-31,758.7547607421875,768.2776952907177,754.1376034833371,758.8990707576022,14824509
2022-02-01,779.435791015625,781.8886501819028,759.2356776527822,771.5000321945082,20031583
2022-02-02,782.75439453125,787.5158615764568,778.0410112520883,783.956782234063,11214375
2022-02-03,778.13720703125,787.227269450717,775.2995604216349,783.0429251825383,9755335
2022-02-04,774.3857421875,781.0710293656399,765.4880734416475,778.954815327262,10314067
2022-02-07,756.4461669921875,774.3376723346677,751.684699997876,767.6523850364191,14659368
2022-02-08,762.3137817382812,765.3919059113421,744.8070055449376,759.9090064015675,14642455
2022-02-09,772.221435546875,773.6162169682755,763.9490319673754,766.8828461025273,8855292
2022-02-10,774.8186645507812,777.9929564623666,765.9690789864078,775.2515358819836,13159771
2022-02-11,760.6785278320312,767.0271699894278,757.8890236490712,766.4980724435595,13138408
2022-02-14,724.9916381835938,744.4703172806362,722.5387792245511,742.5945808847806,16170656
2022-02-15,746.4903564453125,748.3660929705321,714.8916316594186,724.2702555751805,18880659
2022-02-16,734.9474487304688,747.9332359386085,731.4365118596554,746.1537256201465,10549784
2022-02-17,721.769287109375,738.0255927938574,717.8735625844956,737.3041601518302,16683808
2022-02-18,720.3745727539062,727.973628112869,717.1521383555117,718.4026098742941,8945567
2022-02-21,725.713134765625,733.8412873911825,711.8135211577078,717.8254596809992,10967164
2022-02-22,722.68310546875,730.8112582203097,709.6492342902711,710.2744993905211,13156371
2022-02-23,716.23828125,727.588868099901,714.4106871732275,725.857382844603,11624282
2022-02-24,680.4552612304688,699.4048441513754,675.5494842563079,685.7457670370914,28023104
2022-02-25,702.2424926757812,711.1401615558102,692.8157849557639,697.336774399035,16935750
2022-02-28,714.4107055664062,716.382609702001,688.1505692791155,695.412979427951,20547432
2022-03-02,687.6213989257812,697.3367259843092,680.7918608248118,689.689529087093,25252492
2022-03-03,671.7017822265625,694.4509785982189,667.0365419261497,690.2666346168098,23190595
2022-03-04,661.8422241210938,679.6375607441131,658.9084100955814,664.6798706219661,18697223
2022-03-07,628.8486938476562,641.5940019830007,617.6905607755622,638.2273168151738,27799873
2022-03-08,639.6702880859375,643.9508002520391,618.5082635176809,618.7968248379074,26716975
2022-03-09,642.0269775390625,648.8084327366437,632.9369143672521,639.3817244774972,33728639
2022-03-10,650.828369140625,674.2989997486787,647.9907812312059,667.5175450881378,35959638
2022-03-11,652.0789184570312,658.6198957779757,645.0569273475875,648.9527104489741,20546724
2022-03-14,669.6337890625,671.8461707138538,651.4536633454682,652.271263506728,24648981
2022-03-15,670.7880249023438,681.1285590962989,661.7941884131315,674.779975540424,27714580
2022-03-16,681.0323486328125,684.3028664465384,674.5394554784743,679.9742710103129,14621688
2022-03-17,692.6715087890625,697.3848922345072,688.9200942501424,690.4591270799036,18329844
2022-03-21,683.6776733398438,695.3649057315828,678.6276447995212,693.5372528709495,12866839
2022-03-22,690.8439331054688,693.5372699847004,672.8562002140055,681.6577022284608,11761758
2022-03-23,690.9400634765625,699.1162999228361,687.0443390295231,697.384873358634,7140403
2022-03-24,677.377197265625,685.5534342394253,671.4133420838435,675.6938543592543,17727969
2022-03-25,672.6156616210938,679.2047225589896,670.1147187552602,678.1466448950605,15263007
2022-03-28,683.2929077148438,686.2267808816904,669.15287431622,675.2609807864912,13806166
2022-03-29,688.0543212890625,689.6414965270086,678.9642585933475,687.0924111352373,11489374
2022-03-30,703.0601196289062,703.8777197344883,691.7095334151772,693.5852698630619,20154520
2022-03-31,702.4830322265625,711.7174057001984,700.078256641294,711.7174057001984,16046383
2022-04-01,708.206298828125,710.1782027568194,695.5571577486239,697.3848103910229,12658848
2022-04-04,718.1620483398438,721.2401723640381,697.3848139196131,713.7372854184179,17192197
2022-04-05,713.544921875,726.6750186186015,709.8896751272518,718.3544725194936,12290391
2022-04-06,713.3526000976562,716.5269508116409,704.21445295091,704.4068467381728,13518142
2022-04-07,720.0377807617188,728.9354490279135,709.0238985712276,709.0238985712276,15087175
2022-04-08,725.56884765625,727.2041067282622,715.2763968374726,721.2883355505039,15480705
2022-04-11,730.6668701171875,736.2940792869986,723.0197319825954,723.6449383056867,13216391
2022-04-12,734.755126953125,739.6128207233999,721.6731709308842,728.166065171182,14020000
2022-04-13,733.216064453125,743.1237279670322,731.7251153557017,740.2860810788353,16119956
2022-04-18,728.9354248046875,733.8412012903055,720.6630218513664,722.3944482008603,17651530
2022-04-19,737.1116943359375,748.2698866683684,728.165942191112,732.7830989067962,31088359
2022-04-20,726.7711791992188,740.670792170988,725.0878364897393,737.5926680458729,15984202
2022-04-21,733.3121337890625,735.0917026821545,722.5868715093972,730.1378422334291,8953098
2022-04-22,719.1721801757812,729.9455273825204,717.488837335936,728.1660170073909,14411607
2022-04-25,723.5487670898438,733.167867799067,715.6610927662143,719.1720880092134,35417460
2022-04-26,725.039794921875,739.2760537799318,723.0198070370735,738.7470149253732,18727514
2022-04-27,708.6392211914062,721.432614479441,704.6472705738188,720.4707043268018,21441480
2022-04-28,718.691162109375,723.2602351314856,706.6672857353999,710.947738756268,18649559
2022-04-29,714.98779296875,731.0036202312174,711.909668788805,721.5287701571733,19560317
2022-05-02,712.7754516601562,715.4687884533765,703.2525172833952,704.1182599395875,10903446
2022-05-04,696.6634521484375,718.546908877988,693.6815540562385,717.7773924713242,12212165
2022-05-05,701.0401000976562,714.6992358629452,698.8277185120185,702.9639203826171,9121547
2022-05-06,691.8538208007812,695.460983578679,683.2447138954657,688.968090578463,12455025
2022-05-09,683.2929077148438,692.5753649092218,677.617672589709,678.4352728002569,13055889
2022-05-10,684.2067260742188,692.5753567098644,678.1467034450756,678.1467034450756,12797419
2022-05-11,686.9962158203125,692.3828889797495,680.2147612521699,690.6514625149543,13516852
2022-05-12,669.2970581054688,683.6295425564442,666.8922827754618,680.5995021565014,16685166
2022-05-13,651.5498046875,675.6457004720367,649.289339360527,675.6457004720367,15717043
2022-05-16,656.984619140625,664.6318164202733,650.0107706944032,650.9245970604578,9025623
2022-05-17,682.9562377929688,684.880058181118,659.0527929543505,659.9665606704501,12765052
2022-05-18,680.4071044921875,689.6895606969994,679.2047168340687,685.2166551246631,11835013
2022-05-19,664.0065307617188,672.0865990916174,659.4855415464262,666.6998673015738,16661023
2022-05-20,682.5233764648438,684.7839006802468,667.2771231494877,668.3352008943386,11695528
2022-05-23,683.9661865234375,698.2986709514657,680.5033335379057,682.5233213277435,17438451
2022-05-24,681.1766967773438,690.0262231964891,679.1566502344494,683.966200988479,13779981
2022-05-25,686.1785888671875,693.3929150641945,684.4952460878859,684.9281174017736,10457589
2022-05-26,700.7515869140625,705.0801828524473,688.1986704348147,695.4610807671478,14028733
2022-05-27,711.62109375,712.967791399704,703.3967739809054,705.6091555108469,8110620
2022-05-30,719.9898071289062,723.3084091643542,715.9497724209845,720.2302846863976,7628515
2022-05-31,724.1740112304688,727.8774004231318,712.2944447182881,712.7753997788676,20272212
2022-06-01,723.9817504882812,726.8193386686997,715.8535973880984,719.5088444816322,10102092
2022-06-02,721.192138671875,723.11595898177,714.8916388990363,722.4426101312393,10949759
2022-06-03,715.9497680664062,728.1660396547295,712.9678698557874,727.3484394483684,8563791
2022-06-06,718.306396484375,722.346430811289,711.4287155046086,712.0058968143595,9107831
2022-06-07,707.2444458007812,714.6511657817688,704.4548828500401,712.7754292259489,9938912
2022-06-08,701.7135009765625,712.7754684354117,698.779686566501,708.5430400104985,9369224
2022-06-09,704.8396606445312,706.1382158596396,694.6434365642413,697.3848570007303,7444368
2022-06-10,692.5753173828125,700.559159993908,690.6514970567491,697.144390657213,7990818
2022-06-13,661.7941284179688,675.5494306822643,656.1188355186239,675.5013469208119,16622521
2022-06-14,659.3894653320312,668.1909674562671,654.7242241817981,656.4075670911068,13348598
2022-06-15,661.07275390625,669.8261128310595,659.966533744062,661.3132314449573,9199591
2022-06-16,652.6560668945312,673.3852198415971,650.5398527248025,673.3371360739453,13237239
2022-06-17,660.6879272460938,666.2670527820757,644.4316818180885,645.6821532032684,16335613
2022-06-20,659.8223266601562,661.601837081696,651.7903411029278,659.8704104290523,10981042
2022-06-21,669.5855712890625,681.0323245215084,662.3712458174364,664.2469821821254,13319648
2022-06-22,660.447509765625,672.2790520134938,659.0046444876252,667.8061461675592,6838249
2022-06-23,672.51953125,679.1085925519565,660.8322989846943,663.910423327564,14960412
2022-06-24,686.2747802734375,688.0062067307631,679.6375770249666,683.8219212330318,10856736
2022-06-27,690.0262451171875,701.0882122028712,688.8238573904828,701.0882122028712,8285225
2022-06-28,683.2447509765625,689.9781218607387,680.0704593018035,683.9661835712957,8339931
2022-06-29,675.9823608398438,679.7819176908649,674.250934304413,678.0985749210753,9570557
2022-06-30,680.2628784179688,684.7838679221638,674.4914174450397,675.9823664543122,11970404
2022-07-01,677.088623046875,679.830043672348,667.6618559824033,676.6557517085529,9884899
2022-07-04,692.6715087890625,693.633418985248,678.0023782972332,678.0023782972332,8303732
2022-07-05,692.0462036132812,704.2624731033,690.747589807576,695.509056341167,11460367
2022-07-06,698.2986450195312,704.0220218253087,694.4990884032364,695.4609984979778,12163533
2022-07-07,713.7373657226562,715.6611861154397,705.0801739551308,707.9178207765542,10374018
2022-07-08,726.91552734375,728.6469539079985,716.1902054621572,722.6830991108424,9797700
2022-07-11,740.1898803710938,742.1617844896639,726.2421828202414,726.2421828202414,12440573
2022-07-12,730.9555053710938,738.2179148531969,728.8392914180108,736.1978684255724,10219829
2022-07-13,724.5106811523438,735.6207307906395,721.3363896428781,735.6207307906395,8674121
2022-07-14,723.7411499023438,730.5706878184897,720.2782384731875,721.4325422829062,7044542
2022-07-15,722.5869140625,730.0898014659325,715.8535430344874,724.5588181214936,6358018
2022-07-18,742.5946044921875,743.7008246021837,728.9835529593954,730.3302505967531,8045363
2022-07-19,750.9152221679688,752.2137774556554,737.9294344497446,738.5546408544184,12825591
2022-07-20,753.271728515625,759.4760600130203,750.5783921468503,759.4279762531069,8152179
2022-07-21,756.0614013671875,758.8990481398317,750.386107821899,755.0033236534806,8312338
2022-07-22,769.5762329101562,773.2796223541096,759.0433046266951,759.0433046266951,12267898
2022-07-25,770.393798828125,786.6500437908554,766.7384935925267,772.4137864917292,21034148
2022-07-26,765.968994140625,772.2214097355484,761.4961474412256,771.0671058836498,7374145
2022-07-27,770.009033203125,773.1833247834447,764.3818826157551,764.7185276658143,9536564
2022-07-28,783.5719604492188,784.4377030415528,774.6262080732151,776.2133832557163,11124518
2022-07-29,787.4196166992188,792.0368323370208,777.2233927048,789.3915794534339,11095993
2022-08-01,792.0368041992188,793.5758368835868,786.1691173306066,789.4396351728058,7974903
2022-08-02,786.60205078125,790.6901690518954,781.2634610169454,788.7663486892387,11106772
2022-08-03,793.383544921875,796.4616693959081,780.638234391083,786.6020895513332,11073975
2022-08-04,789.0067749023438,798.3373147962578,777.560021005119,792.6139378476455,11113742
2022-08-05,806.2731323242188,808.8703015771094,791.7482532411908,791.7482532411908,16056522
2022-08-08,809.9019165039062,815.0789944859878,804.2893695647675,809.5631921761261,12142951
2022-08-10,821.3204956054688,825.4331460989276,814.9338149348046,814.9338149348046,23658553
2022-08-11,831.9166259765625,838.4968549181506,830.3682985968268,832.2552912138466,22787391
2022-08-12,846.1416015625,848.899473062235,830.7554261885765,836.0293076257171,10792853
2022-08-16,850.8348388671875,855.9151719966192,848.0769673648429,852.9637521815752,13804836
2022-08-17,854.7056274414062,856.8829132175096,850.0123906157576,853.3024759064973,9058040
2022-08-18,856.4957275390625,858.9633650789451,846.7705305625299,852.0927841286835,13137856
2022-08-19,842.2709350585938,858.2376975110907,836.3680359264401,856.3990769975585,10787199
2022-08-22,824.7073974609375,839.3678107269875,822.1430152518094,837.577562692972,13848023
2022-08-23,835.98095703125,839.9484317589669,815.5628203147241,818.0303989411165,13254855
2022-08-24,845.0770874023438,847.0608246490035,829.3522472990096,829.3522472990096,10494109
2022-08-25,844.1577758789062,852.9637217601099,838.6904053817257,845.077086034451,9827829
2022-08-26,842.706298828125,849.1414112105084,839.2710376950179,845.8996983939115,5976725
2022-08-29,828.1911010742188,833.1746899177208,819.6271339840993,822.578553999964,7755134
2022-08-30,858.6246948242188,861.9632113565701,831.3360357366329,832.6908149001724,12544701
2022-09-01,846.0931396484375,857.0763710637874,835.109967295738,835.109967295738,15877583
2022-09-02,844.206298828125,852.8186382751104,838.9807893180364,845.8513119492113,8401284
2022-09-05,853.9314575195312,857.2699740492576,843.3836943531853,843.3836943531853,8744999
2022-09-06,855.0927124023438,861.1891006795504,849.7220269779261,853.9798538402657,9879326
2022-09-07,847.8834838867188,854.1250483069637,844.303046547282,850.1575143125283,8814960
2022-09-08,869.7531127929688,871.6884780012587,856.8829459703724,856.8829459703724,12163106
2022-09-09,872.1239013671875,882.4781165024692,868.688640114694,880.7362997186498,9936230
2022-09-12,877.8816528320312,879.5267250388895,873.6238258334168,875.8011116494374,6016978
2022-09-13,880.5911254882812,884.4134833949648,876.0430056649864,884.4134833949648,10400475
2022-09-14,888.4293212890625,892.445227477455,869.0272980667082,869.2208463883155,14712947
2022-09-15,887.9454345703125,906.3798333664477,886.155245578044,890.2678961854223,16253099
2022-09-16,879.7201538085938,887.9454552145844,875.9462274246139,885.3327596651574,11966860
2022-09-19,870.1400756835938,883.0102405275197,866.4144627928192,875.7042498019863,11235656
2022-09-20,887.1229858398438,892.6871605533197,878.0267461614467,879.8169943329414,12090663
2022-09-21,885.6715087890625,887.3649533565368,876.3817793582672,882.5265403066102,8917640
2022-09-22,874.2044067382812,882.2361597916347,866.3661429375974,876.7203576495209,11125669
2022-09-23,853.7379150390625,875.6559480442714,850.351026172373,872.559352125053,15927517
2022-09-26,833.2230224609375,849.528508368895,831.4328334230806,841.8837928319115,14208640
2022-09-27,824.9976806640625,846.5769880025827,821.1753230826242,836.9969669560746,12493809
2022-09-28,822.0463256835938,835.3519607373306,816.724071662099,816.724071662099,11411458
2022-09-29,816.6273193359375,833.7552530481105,813.9177609731337,830.2716195282985,13803629
2022-09-30,834.1423950195312,839.0291803007915,810.4341714951942,816.6273637143701,13175031
2022-10-03,820.9334106445312,833.1262453651974,818.3690875027453,831.9166422617177,8232026
2022-10-04,839.6098022460938,844.4482150774257,832.3037516206572,837.0454198204252,8975095
2022-10-06,856.83447265625,862.8824882192667,844.8351861541638,844.8351861541638,12116698
2022-10-07,854.0281982421875,855.9151909732008,844.5932936497752,848.851120372951,9705750
2022-10-10,853.254150390625,861.0439836709703,842.5612692495802,843.8192448433513,7357588
2022-10-11,842.4644165039062,854.7056245622693,837.4808867374292,854.7056245622693,11130051
2022-10-12,840.287109375,843.5288813192437,833.6585076058656,839.9000717968735,14557532
2022-10-13,826.0137939453125,837.480867501707,823.0140016911945,834.4810161849339,11563124
2022-10-14,842.125732421875,855.2378190572801,840.4806602874627,855.2378190572801,8199540
2022-10-17,856.592529296875,858.8181871524583,840.4805926396025,843.8191089543027,8936947
2022-10-18,867.91455078125,871.5917328623445,862.3503758106311,867.0919851306066,8097552
2022-10-19,863.26953125,871.5432638427761,856.93122271231,870.9626189074545,5529462
2022-10-20,859.93115234375,864.4308409240948,851.6574189961223,860.9472072449468,8107159
2022-10-21,877.8333129882812,880.5911848321972,857.0765089618475,859.3021671769134,17022807
2022-10-24,896.3643798828125,903.3317064100225,887.9455294567113,895.1064043163051,4390050
2022-10-25,895.1547241210938,912.7665582070067,893.1226144069194,911.6053273434834,15838120
2022-10-27,894.5257568359375,903.5251925773455,890.509850700247,896.1223975772693,16080842
2022-10-28,878.5106201171875,897.5256067312196,871.8820179674705,888.3326220800642,9854094
2022-10-31,879.3331909179688,887.4133170073659,875.3656568181832,883.1071176224569,9000840
2022-11-01,879.2363891601562,891.2356770583177,870.478873418532,891.2356770583177,9823761
2022-11-02,875.46240234375,890.9936952377803,873.1883129460064,890.8485192322834,7690974
2022-11-03,879.2847900390625,884.3166921482643,868.059636799892,871.9303670762977,9022366
2022-11-04,876.04296875,883.8812325567034,871.1078115500653,877.0106512647051,7099336
2022-11-07,887.8486938476562,890.364644722872,874.2527665336913,880.8329957218846,11100219
2022-11-09,881.0750122070312,892.1066175335338,876.4785198314318,890.2679969582305,11590409
2022-11-10,881.2684936523438,883.4457793492138,874.7366365617335,878.2202700516638,10009741
2022-11-11,877.2526245117188,898.0094275096842,874.3012044773703,895.9773177319772,17921457
2022-11-14,866.0274658203125,877.2525592034533,862.4470287551658,875.7526631398879,12641308
2022-11-15,882.2362060546875,884.1231988683949,869.7530773449218,871.4465218331568,15176911
2022-11-16,884.0747680664062,888.4293396104207,878.7525139570553,883.0587131853342,13008311
2022-11-17,890.0744018554688,892.4936082418244,880.9297899025129,883.4941722971123,12584194
2022-11-18,890.6066284179688,892.2033282812789,881.1233510578792,890.0744148177511,10874061
2022-11-21,891.6226806640625,894.9127657321499,884.5101788391943,884.5101788391943,9245704
2022-11-22,893.8483276367188,896.557826795616,890.6549872329236,893.8966999486781,11256509
2022-11-23,897.4772338867188,901.7350018639994,893.8484241581316,897.0417649067566,10959704
2022-11-24,908.5087890625,910.2506649996778,897.5739874507686,897.5739874507686,10844395
2022-11-25,900.2350463867188,912.4278817096287,897.5255471136236,909.911871692526,9815055
2022-11-28,907.1056518554688,913.2987847778865,894.0903096613513,894.1386819766326,9381474
2022-11-29,916.1534423828125,919.201666001015,903.3800210752162,903.3800210752162,13096845
2022-11-30,922.104736328125,927.2334420907079,910.5892902230893,917.411440468021,20858573
2022-12-01,909.8151245117188,926.0721791673291,905.9927667141189,925.1044966394636,15920653
2022-12-02,900.5253295898438,904.2993150433366,896.1707582493461,898.2512992926454,14228874
2022-12-05,903.4284057617188,906.718550059355,898.3965037479066,906.718550059355,10984608
2022-12-06,892.8323364257812,899.7028589676131,890.4615023443921,895.1063668137049,18220912
2022-12-07,892.3485107421875,903.0413913903666,890.8969868787426,892.20333473078,15675663
2022-12-08,901.7833862304688,903.3800269902132,893.9451221877637,895.1063530529038,10136870
2022-12-09,899.8480224609375,904.5896314951109,895.1547266788406,901.8801321809183,9575331
2022-12-12,900.2350463867188,903.718738934402,895.1547131011699,895.1547131011699,8493863
2022-12-13,902.7994995117188,905.6541750133149,897.8159104633733,899.4609827068913,10415140
2022-12-14,891.96142578125,905.7992749816523,890.2679812516951,905.7509026647681,12319827
2022-12-15,879.4298706054688,890.1711821157284,875.752688807537,886.3971966272971,8929748
2022-12-16,872.8496704101562,884.1715681914225,870.5756400158575,876.2365593751624,9157260
2022-12-19,877.1558837890625,881.1717310462694,872.0271779431731,878.6557799709749,7015083
2022-12-20,880.30078125,882.9619081225438,866.7532262625047,876.7203441907743,6384331
2022-12-21,863.4147338867188,886.2520178769291,858.3344006248467,880.8330193559941,11341147
2022-12-22,861.866455078125,874.6398170181222,857.7053730160692,871.3981042199335,9788367
2022-12-23,850.4962158203125,860.8988032205845,847.0125232068142,854.5120629604986,11059215
2022-12-26,864.333984375,868.0111659074514,846.964072419729,852.6249911810219,6943159
2022-12-27,871.5432739257812,873.5753835662855,859.4956148959698,868.6885987163848,4994381
2022-12-28,869.898193359375,874.7366058492067,866.84996986572,867.0435181778438,8980300
2022-12-29,878.7041015625,893.5096323243187,860.6084266035422,868.8821594099194,11994220
2022-12-30,862.0599365234375,879.139556373027,859.8342785729984,879.139556373027,9688527
2023-01-02,873.2850952148438,877.6880388341714,865.1081661717191,865.1081661717191,4315403
2023-01-03,872.2206420898438,876.6720172537239,867.7693259886192,869.4627704497066,5846855
2023-01-04,870.0433349609375,878.5589884345696,865.8823119142538,869.9465903334593,12454582
2023-01-05,850.7380981445312,873.8173022704675,843.8191446066974,871.7851926344346,16547196
2023-01-06,841.9805908203125,850.5446171070525,832.6908616598616,850.5446171070525,14804613
2023-01-09,845.1255493164062,850.35105882214,834.4326687249722,845.9964872549142,16811853
2023-01-10,833.5133056640625,850.0123396958412,828.9168137454193,847.1092921682771,13470142
2023-01-11,838.3033447265625,842.7062883246897,827.2233681992996,835.0132596375089,15558460
2023-01-12,832.8359375,841.254727699147,827.3201356345016,837.52917383229,16659001
2023-01-13,845.2222900390625,846.6254414742714,830.5618765632579,836.755068178072,11223103
2023-01-16,837.287353515625,849.0930928206624,833.2230748614112,848.8995444918602,8319812
2023-01-17,837.1905517578125,839.9000509881896,830.3683427746539,838.9323684728654,12624859
2023-01-18,841.3999633789062,843.8191697140958,830.9006315092457,836.5131783943544,11313898
2023-01-19,838.158203125,842.4159705966048,834.1422972105845,839.9483920867604,6694679
2023-01-20,842.2224731445312,848.1737443770304,837.5776087756478,845.2706967636465,8127162
2023-01-23,843.5288696289062,854.7539633041429,836.6582882575105,853.4959878330195,16882379
2023-01-24,842.6095581054688,853.2056935599804,839.9484311634187,850.5929389316187,11504090
2023-01-25,827.6588134765625,848.4639868002098,820.5947431838545,845.077098119616,14918485
2023-01-27,790.7901611328125,815.7563581461058,786.8226273934423,812.030804097546,39718683
2023-01-30,796.886474609375,799.5476012701836,770.2752080012903,774.145937689739,36301441
2023-01-31,805.01513671875,811.2082695992232,787.7903400840028,799.3057860504701,27291226
2023-02-01,820.5464477539062,846.915797809219,796.5479318096759,816.191876185139,39237711
2023-02-02,830.1748657226562,832.7875613023073,799.402514032967,801.6282311010465,16798190
2023-02-03,835.8842163085938,844.4482427381685,824.5623180998856,836.706781954458,14914366
2023-02-06,826.1105346679688,839.7548338404506,822.1914324854602,833.6584461051427,8463833
2023-02-07,825.1912841796875,828.3362524278072,819.8206579069681,827.3685698899242,9337066
2023-02-08,831.3360595703125,832.884387096269,824.3687924228041,824.9493783308778,8082983
2023-02-09,832.9811401367188,836.9486740907996,824.0784487262168,830.7554820497575,6299265
2023-02-10,826.2557373046875,834.0456292295034,824.4655481784239,827.9008094833026,8656405
2023-02-13,823.1591796875,831.5295982555967,821.9011451301623,825.8203066835285,9394365
2023-02-14,837.335693359375,839.2710584470253,824.562271968352,826.3041477973615,13402934
2023-02-15,842.657958984375,845.0287930620101,832.7875850885544,838.4001911703535,12070288
2023-02-16,841.3516235351562,849.4317493814649,836.9002482690221,847.6415602493975,10715685
2023-02-17,834.7713623046875,839.5129712878102,827.5137432933884,839.5129712878102,9990618
2023-02-20,824.562255859375,838.5452801570017,822.7720668133345,834.7713537474057,9013430
2023-02-21,826.5944213867188,831.6747546228045,819.4819194186063,826.7879697034813,11704445
2023-02-22,812.1275634765625,826.4976254250806,807.7729920906293,823.7397538390513,13880984
2023-02-23,812.6114501953125,817.1595701542185,806.611806359904,809.514854112909,11743574
2023-02-24,812.56298828125,818.2722794616959,808.5470823740111,816.6756388111917,8246139
2023-02-27,828.7233276367188,830.5618889735571,806.6117467803197,806.6117467803197,14422574
2023-02-28,827.2233276367188,830.2715510119978,822.5300913289021,827.2717590098582,19600146
2023-03-01,828.6265869140625,836.0777546418046,824.3203875920912,836.0777546418046,11015843
2023-03-02,826.4008178710938,833.9971015297435,823.5945151221156,825.4331354145703,12327141
2023-03-03,840.480712890625,844.786912285828,822.3850364048458,829.0620699895568,12823098
2023-03-06,839.7064819335938,848.5123689804957,837.3840203291142,843.5772118992917,13904231
2023-03-08,843.9158935546875,845.4158486956811,833.6584825712115,838.6420711240055,16144568
2023-03-09,828.2879638671875,841.6903447470089,826.5461469354024,839.1743935191705,10624440
2023-03-10,815.4176635742188,818.030359014257,809.2244720910029,817.4014008412539,17273189
2023-03-13,801.6282348632812,827.6588595926465,797.3220357740603,814.2564801205943,16413159
2023-03-14,803.5151977539062,807.4827317254363,791.8062622910114,800.2734847719724,15456802
2023-03-15,799.208984375,816.6756413377892,795.6285473841493,809.4180227330859,12914488
2023-03-16,797.273681640625,804.4344971185735,784.1131634393323,802.886228653789,14987868
2023-03-17,809.2245483398438,811.3050894882914,792.1933587502203,804.91834909519,11104490
2023-03-20,809.4180908203125,810.7244386539869,798.3381136725679,809.9503044168963,14838651
2023-03-21,824.8526611328125,826.8847709413091,811.9340631533026,815.7564211861012,18755854
2023-03-22,832.4005126953125,834.6745429845437,823.4978217289552,829.9329340902065,17431520
2023-03-23,827.8040161132812,839.4162062490099,825.2396338332466,829.3039121932823,17920621
2023-03-24,824.8526611328125,832.2070251720605,821.7076927237321,824.9494057664903,17295696
2023-03-27,821.2721557617188,828.7233228804927,816.7724084776924,827.3201714323708,17047675
2023-03-28,827.1266479492188,831.1425541001529,820.7883391486262,827.9007821657716,24469018
2023-03-29,823.4978637695312,834.2391166284191,820.5948160711663,829.352331482036,34881515
2023-03-31,848.8995361328125,852.5283457771534,830.755487911108,834.094004596433,25739021
2023-04-03,855.2378540039062,858.4311947113953,840.7709875930993,851.7542203344012,26416933
2023-04-05,856.011962890625,859.0601865581069,845.7545514523069,857.9473279969231,21068934
2023-04-06,846.7222900390625,861.3342739335299,844.4966318320633,853.496068359375,26042745
2023-04-10,840.3839111328125,854.2701319147354,836.4648086702014,851.6090049377871,30906205
2023-04-11,853.3992919921875,856.9796702925302,837.0454327447134,845.4642830137524,39504022
2023-04-12,861.3826293945312,863.1728184534817,851.8509210177381,854.8991446182802,22686032
2023-04-13,869.946533203125,872.5109153520875,857.8505024300003,862.3018181294501,34439635
2023-04-17,872.1722412109375,887.6551614909503,864.2856641308982,887.6551614909503,29957514
2023-04-18,867.8660278320312,878.6073390361097,865.2049009529467,878.6073390361097,26699379
2023-04-19,863.0761108398438,867.9145237068399,858.5763632484744,866.9468411334407,24377956
2023-04-20,865.4953002929688,870.236909372004,860.4633391974846,863.4147591759163,16999919
2023-04-21,857.028076171875,871.5916867731976,853.8831078765245,865.6404154507798,29578071
2023-04-24,875.5107421875,877.2041865631045,866.0758378091324,875.7526628125863,30881665
2023-04-25,883.9296875,886.3972663306375,873.9141370989526,877.0107332480105,41383839
2023-04-26,885.3811645507812,887.316529658685,876.4784732418931,881.9942756119498,30371555
2023-04-27,888.6712036132812,890.1711587440801,879.1879268899205,880.1072370809303,25835108
2023-04-28,887.9939575195312,890.7034569748081,880.8330826866882,885.5263196505074,20381002
2023-05-02,892.300048828125,895.880486047962,889.0099636211668,894.1386692839658,17515017
2023-05-03,893.0257568359375,893.9934393200476,882.0909565780238,889.8324164509045,18715142
2023-05-04,891.9130249023438,894.0419383409981,882.3329439597278,890.2679527423538,20485002
2023-05-05,896.993408203125,911.9924886757009,893.6065190641563,895.106415298882,19002035
2023-05-08,907.5894775390625,911.2666593771053,897.0417142320913,897.0417142320913,18623913
2023-05-09,904.20263671875,914.4600485590047,901.686626544379,910.5893181947338,21507610
2023-05-10,905.7991943359375,910.5892345341686,898.2512826316067,904.3960428952724,25910923
2023-05-11,908.8474731445312,916.3953853081388,903.670336005355,909.6699796963557,20027372
2023-05-12,913.3955688476562,917.3630436179886,904.8799152854667,909.379662700427,13873480
2023-05-15,915.185791015625,918.3307593696306,907.8797994211587,913.2504258746985,10453762
2023-05-16,915.766357421875,921.4273357760685,912.5246445049526,919.2984223538758,19612293
2023-05-17,908.9926147460938,917.7501894111974,905.5573533737447,916.6857031275833,19273344
2023-05-18,915.9115600585938,921.4757348819819,911.6537330904164,917.314711609197,21550141
2023-05-19,923.45947265625,925.1045448518862,911.1698920993472,920.7016009331666,15427412
2023-05-22,919.6370239257812,923.4110092338516,915.5728047480459,920.3144134762877,15509525
2023-05-23,922.5885620117188,927.8623846317511,914.4600050088006,921.2337828236806,16579935
2023-05-24,910.2506103515625,923.0239727062751,908.1700692529853,916.1050779412483,18049620
2023-05-25,909.4763793945312,911.169823779576,902.7994055425181,906.7185078782338,19328582
2023-05-26,919.9757080078125,921.6691522787095,905.3152954089877,909.427945781166,10957182
2023-05-29,917.5082397460938,926.6527926566437,916.2018328569751,923.0239830690742,12108079
2023-05-30,919.25,921.5240302432906,914.1212945775248,914.7986250754225,18483624
2023-05-31,918.4758911132812,921.23376268112,910.1054136571358,918.8145563715582,27254425
2023-06-01,905.8475952148438,923.4110568080118,902.6542546695372,923.4110568080118,21650700
2023-06-02,907.8313598632812,914.121296105405,904.8315086794461,912.5245963573434,12494376
2023-06-05,916.1534423828125,921.0402273846815,912.524632867169,912.524632867169,10751684
2023-06-06,911.6536865234375,917.1694887487128,907.782956409231,915.9115132741265,11894330
2023-06-07,909.8151245117188,915.2824953565665,903.6219327083176,913.8309715647682,16486469
2023-06-08,907.5894775390625,919.7822539132716,904.9767228695448,906.3314429874264,17608140
2023-06-09,907.7344970703125,913.4922193757295,905.9443081891801,910.9762686677626,12253128
2023-06-12,905.702392578125,913.0083831960459,903.1380104840994,907.6861297698898,10520125
2023-06-13,913.0568237304688,915.6695783292494,903.9122121660633,905.6540879403527,13528776
2023-06-14,909.4281005859375,916.3470548384208,905.9928391498903,915.4761168686471,13489262
2023-06-15,896.6546630859375,912.476308849158,894.47737726131,910.2990230245307,19366819
2023-06-16,904.009033203125,907.4442943791796,897.0417071602234,899.2673651712831,11249387
2023-06-19,893.316162109375,903.7671217485372,889.0099629857297,903.3316527921857,19351375
2023-06-20,895.6386108398438,898.541658614634,885.2360229801786,891.187294543562,15212286
2023-06-21,894.8160400390625,898.396477183526,890.267920372455,898.0093805496068,9210553
2023-06-22,895.8321533203125,905.3154308434969,890.9453680771945,894.5258054552514,27291569
2023-06-23,893.65478515625,901.7833417486228,889.3002139237615,896.1223637087963,8767733
2023-06-26,897.4772338867188,901.6866295468166,893.3645828609866,897.1385095411223,11749040
2023-06-27,905.8475952148438,909.5732084032469,892.3968434482118,899.9447553905696,13422726
2023-06-28,907.1539916992188,913.4923004032572,904.1057681310743,913.4923004032572,25708001
2023-06-30,904.3961181640625,911.7505412301584,900.5738192125333,910.1054690270411,13843218
2023-07-03,912.089111328125,915.1857070821438,906.2346441262783,906.7184853671359,12350359
2023-07-04,914.169677734375,920.5563586664051,911.5569231484889,916.6372563189024,14041699
2023-07-05,927.0399169921875,933.5717744448986,910.5893130372112,911.6053679395459,13817767
2023-07-06,928.3946533203125,932.7492247541551,923.1691439746393,923.846533565768,16334427
2023-07-07,915.8148193359375,924.1852382336124,913.2988091848515,922.2015007528141,8593807
2023-07-10,917.7501831054688,922.1047547183556,910.9279736618201,915.4277212868661,12069184
2023-07-11,914.41162109375,921.9111607222271,911.4602011815253,917.750137644119,16977595
2023-07-12,913.87939453125,920.4112515342325,910.8311709714633,917.7501246070915,21511161
2023-07-13,924.8141479492188,928.2494089035456,911.7504346104668,917.0726881929213,23222286
2023-07-14,929.0236206054688,933.8136610419978,920.6047706053051,928.7333276529091,12871569
2023-07-17,937.39404296875,942.3292000589743,922.056240014047,931.7814963207601,16290763
2023-07-18,943.9258422851562,956.0218727130693,939.7648196304839,946.3934206799208,29709508
2023-07-19,941.9905395507812,948.3288481005554,936.2811891871556,948.3288481005554,15994261
2023-07-20,963.4247436523438,965.8923814574687,940.6842032435259,944.5065612098798,26487838
2023-07-21,964.7794799804688,969.0856790406557,956.84447144192,963.1344078710805,16903003
2023-07-24,959.9411010742188,976.1014116649148,958.1024805821794,972.4726020590396,21687719
2023-07-25,962.5537719726562,966.714794812472,956.312208181607,966.714794812472,29325327
2023-07-26,964.2472534179688,965.5052288743298,958.0056893867065,961.0054815566945,12780537
2023-07-27,958.2476196289062,973.9724606478103,955.2961997425043,970.1501028645305,25932395
2023-07-28,964.00537109375,966.4245774762064,945.4742265790718,956.070362346762,12584130
2023-07-31,966.0374145507812,967.1019007236218,956.6508826183228,963.8117566441534,14303116
2023-08-01,962.40869140625,971.2630105764858,958.4412164810167,969.2792731138692,15508569
2023-08-02,955.0543212890625,961.9732162053438,945.9097092186121,953.4092491126727,15787996
2023-08-03,933.8135986328125,951.2318833741499,929.0235585164144,944.9903195293069,30994707
2023-08-04,939.1359252929688,944.458179377576,930.1848616052202,937.3457361804816,20582882
2023-08-07,944.1194458007812,949.7803647470605,936.910199431587,939.5713262813622,16686062
2023-08-08,948.232177734375,954.7156037290013,940.8777547355696,944.2162714278614,23784778
2023-08-09,949.0126953125,951.5493559556502,940.1342639638341,951.207903020587,19317331
2023-08-10,940.6220703125,949.9395549383418,936.0853435299007,947.8906587198094,24858441
2023-08-11,929.64599609375,940.0366691362146,926.8654236423497,939.9391281743053,17162177
2023-08-14,936.1829223632812,939.4513785290441,922.9629053434434,925.889849017894,19026691
2023-08-16,933.2071533203125,936.4267792630915,923.5482159431574,931.2070871701633,17930805
2023-08-17,928.4752807617188,934.4754791838435,923.4019001385633,933.6462023482969,27077611
2023-08-18,927.4995727539062,931.743616717334,922.9627868215686,924.8165413968668,13257508
2023-08-21,931.9387817382812,935.938913861277,925.3043886702031,927.5483666794157,13358017
2023-08-22,928.8167724609375,933.6462413283504,926.1825113015468,933.1096469094867,16872719
2023-08-23,943.3050537109375,944.4758429833078,926.7190410740053,930.7680032725475,14707331
2023-08-24,945.3539428710938,958.4764176235524,943.2075058123395,948.8174806335662,28389740
2023-08-25,946.7686767578125,948.9150543418253,936.8170569956474,939.5000885244812,10275758
2023-08-28,946.9150390625,951.2566840430246,941.5489757166163,946.3296741533865,10481574
2023-08-29,944.1831665039062,953.4518206829681,942.134329925956,949.5979999303318,13209913
2023-08-30,935.5487670898438,952.134780892738,932.133999542189,946.8174880873403,13936165
2023-08-31,935.40234375,942.6709318902067,930.8167871042523,936.6219035202087,36675400
2023-09-01,945.1100463867188,949.3540905448681,929.5972223729281,933.597414127154,16268147
2023-09-04,943.7929077148438,945.4515209412026,937.1585143582263,945.1100680190779,9512956
2023-09-05,944.8173828125,946.3783955216684,938.8171248357994,940.6220495025765,16623486
2023-09-06,934.1828002929688,945.8905742914185,927.6459479007374,939.1098099408862,30802100
2023-09-07,942.1343383789062,945.8905586551218,931.4509828721614,934.0852438880298,13462347
2023-09-08,946.9150390625,951.2566840430246,937.8415256783153,943.9393249350013,13086915
2023-09-11,954.427490234375,958.086169598933,945.7442007229635,951.2078643033275,7894110
2023-09-12,966.379150390625,970.9159365012332,958.7203389445621,965.9888674492851,20959591
2023-09-13,965.6962890625,970.6232990964716,956.671545898231,965.6962890625,21997553
2023-09-14,963.6473999023438,968.720780666579,958.3301071739512,968.1353562233099,11464188
2023-09-15,968.28173828125,973.2087481037405,964.5254582610313,966.2328420296343,13307980
2023-09-18,966.0864868164062,971.989144239288,963.257084308504,965.9888863047581,16713222
2023-09-20,963.1107177734375,971.7451766986743,956.7690072829341,957.6470545446385,25741856
2023-09-21,935.93896484375,958.574006734418,934.1340401518692,956.0861166419703,19742813
2023-09-22,927.1581420898438,937.500045053057,924.3287990475906,933.2071706835995,12701888
2023-09-25,933.0607299804688,937.7926574396995,918.572384276358,927.1580728250464,8997098
2023-09-26,925.5971069335938,935.5974971770788,924.0360346784909,935.5974971770788,10521409
2023-09-27,920.1334838867188,923.4507104696879,911.6453950428523,923.2555689856038,15152973
2023-09-28,919.6455688476562,924.1823548206961,911.9867576338303,922.4749712145349,25991282
2023-09-29,928.7191772460938,932.7193094608657,920.718853267733,923.6457967074638,10447334
2023-10-03,917.4016723632812,928.4264812897243,916.1333420529505,928.4264812897243,11131636
2023-10-04,907.4012451171875,912.7185376578814,902.4742355248961,912.2307137467868,17334739
2023-10-05,917.938232421875,920.9627764089626,911.7916630335349,912.425857939374,10478856
2023-10-06,922.182373046875,923.4994738438675,915.1576965156688,922.9628794283824,6355755
2023-10-09,915.7431030273438,919.1091002211714,913.4991247477328,917.3529458957726,6725306
2023-10-10,928.0362548828125,934.1828244813858,917.4504398891626,917.4992699211415,11452715
2023-10-11,929.889892578125,938.6219522811512,927.5971440720459,931.6461062538115,12233117
2023-10-12,931.0119018554688,936.7194175967019,925.3043861142355,929.6459711325131,7836818
2023-10-13,928.1337890625,934.0852766849174,921.548166066008,926.8166882827292,6650442
2023-10-16,928.2313842773438,931.5973217061672,923.1092330870941,925.401981705107,5763024
2023-10-17,930.6704711914062,937.548776352585,928.3288926243248,932.133942908628,7747527
2023-10-18,920.767578125,927.4995715223401,916.2307921986865,926.0848703534714,12000153
2023-10-19,912.9624633789062,921.9872058702285,911.2550796643318,913.2063753381311,8612676
2023-10-20,910.0355224609375,917.108969298613,907.3524909018192,909.303786581178,6586576
2023-10-23,907.3037109375,921.7920573857958,902.8645252231158,919.060255373007,11856890
2023-10-25,893.7909545898438,911.0599331166206,889.2054574209906,903.4986624227306,12593434
2023-10-26,886.5224609375,894.2788138653154,877.1074351720209,892.034835673972,21693345
2023-10-27,890.5225830078125,895.7911052641983,889.1078817029663,893.6934385485141,8645505
2023-10-30,902.3766479492188,903.7425191004379,886.0833182505427,886.9613655158662,7687791
2023-10-31,893.0592041015625,908.3281162337183,891.8396443321832,906.6695030375992,17211107
2023-11-01,891.7909545898438,895.2544927386905,887.1566270466315,891.5470426138852,12927203
2023-11-02,897.5472412109375,902.279109409575,890.5713353440126,897.6447821752898,9747311
2023-11-03,911.0599365234375,911.7429019177837,904.2304016776113,905.9377853890679,7146961
2023-11-06,922.42626953125,924.6702476712292,914.5723162669136,918.0846246991575,10338367
2023-11-07,925.0116577148438,927.3044657799691,907.791509730304,920.6212426036691,15704942
2023-11-08,912.9624633789062,925.3532028172963,911.3526206284945,925.3532028172963,17606074
2023-11-09,914.5234375,919.4016764786073,910.2793934081378,911.2550412038593,9406117
2023-11-10,915.7431030273438,918.523735295646,909.6941336341723,912.1332534052325,9560455
2023-11-13,911.694091796875,917.9870319695434,909.3037427950005,917.9870319695434,11470096
2023-11-15,918.18212890625,921.4018143138666,915.889380375436,921.4018143138666,19492138
2023-11-16,913.2063598632812,923.1579795407855,911.2550642225477,916.1333033243815,19706373
2023-11-17,899.4009399414062,915.5479593765705,897.7423862479302,903.9864967116965,10956653
2023-11-20,899.0107421875,904.1816639914177,895.1569211892373,899.5473366065142,10562301
2023-11-21,903.5474243164062,905.4499494794524,899.5472920649286,901.8888706577264,8989572
2023-11-22,900.279052734375,902.6694018743736,892.4738699417713,900.7668766589127,12197979
2023-11-23,900.52294921875,902.8156978051427,896.1325339733714,900.52294921875,5534614
2023-11-24,906.76708984375,907.7427376445077,897.7911181670157,899.0594483982376,7452002
2023-11-28,902.9620971679688,908.3769308976238,899.2546471984909,906.2793237215551,14231987
2023-11-29,916.7186889648438,918.1821607285481,903.4499021267856,908.2306003744137,11680078
2023-11-30,912.1819458007812,917.9382322384056,905.5963229827007,916.0845371003845,23950292
2023-12-01,923.6458740234375,928.8167959567095,910.2794859533717,913.157659153128,16986046
2023-12-04,967.0621337890625,970.6232126126973,937.987840581793,940.2318186642837,33131257
2023-12-05,988.7703247070312,991.0143028504854,970.8183804617602,978.0869688482517,31378461
2023-12-06,978.8187255859375,991.5021478960468,975.8917819759122,989.3069401885278,18786590
2023-12-07,974.6721801757812,977.7942651351568,964.0864250614673,972.0866896120442,11841945
2023-12-08,986.2335815429688,988.1848771958599,969.0622036170539,970.2817634001109,16116363
2023-12-11,992.3313598632812,995.1607623207786,980.1845923151836,982.5748818013128,11714606
2023-12-12,990.9655151367188,996.1364367379356,984.0383797983786,992.3313863725926,12380856
2023-12-13,989.2093505859375,995.8437438660465,984.6237939125858,990.0873978964831,15887040
2023-12-14,1008.4784545898438,1014.6737948059092,996.3803970630142,997.3560449426353,16317672
2023-12-15,1012.1370849609375,1018.2835948453201,1000.7219338654228,1018.2348839122907,14306067
2023-12-18,996.5755004882812,1004.8684475995219,993.2095035223759,1004.8684475995219,8592711
2023-12-19,990.7216186523438,1000.5268676099422,987.9409865576811,1000.5268676099422,10094256
2023-12-20,982.1358642578125,997.1120339024774,977.5990782488085,997.1120339024774,16490281
2023-12-21,979.9407348632812,986.2824459562565,965.1108754745596,972.2818634293963,18064916
2023-12-22,970.0866088867188,984.965238040039,967.4523478809576,978.5259862915714,20881976
2023-12-26,970.8671264648438,973.2087050634708,965.7938054158475,970.6720445389727,14339699
2023-12-27,977.8430786132812,980.4285692907043,967.8426879365178,973.6478046781592,12996468
2023-12-28,981.4041748046875,987.0629203019365,974.7697219298256,983.4530114256305,24915990
2023-12-29,972.3306274414062,983.9896312060448,969.501284394201,979.5992158632049,12280140
2024-01-01,975.0624389648438,980.3796718566513,966.8669735931653,967.4035679755073,7683792
2024-01-02,958.330078125,973.3550784811775,956.3787824708895,972.7208835740646,16263825
2024-01-03,960.0862426757812,963.9400635440459,951.3541826195407,960.7204375897454,16826752
2024-01-04,963.1107177734375,965.062013308977,957.9885669926463,962.3789819476102,22789140
2024-01-05,969.5012817382812,973.9892380346953,959.8423441909663,963.940077076155,14875499
2024-01-08,958.086181640625,973.8916886039306,956.4275683980821,969.7939557543597,8393164
2024-01-09,955.8909301757812,970.7695590966088,951.6468860736289,962.2326408633471,14660414
2024-01-10,968.8670654296875,970.7208201257515,950.5736686217577,950.5736686217577,9409181
2024-01-11,967.0133666992188,974.1843544018284,962.8180334077583,971.0622694484135,6451345
2024-01-12,979.0626220703125,984.1360028238887,967.598759779006,970.5744738257089,12255743
2024-01-15,985.2579956054688,987.0142094424414,974.9161518150503,979.0626553379064,12388044
2024-01-16,984.4774169921875,991.0630397513057,980.135772300487,981.5992440247355,11505126
2024-01-17,957.8422241210938,983.2578373076938,952.9639851390663,963.8424818885138,41914771
2024-01-18,962.3302001953125,970.086612247944,946.5247532036159,950.2322029973618,17902484
2024-01-19,974.8673095703125,986.2824009262613,963.500988695396,967.1596680050709,23271148
2024-01-23,1003.9904174804688,1033.6013044278507,996.331546511633,1033.3085624484331,50797448
2024-01-24,974.8673095703125,1010.7223072563087,972.379419549497,1004.3805964528723,34578943
2024-01-25,985.3555297851562,990.380080339403,964.0864191743161,974.086809350288,28315035
2024-01-29,991.6484985351562,1006.8685811752547,985.4043284757821,995.1608069755424,14078922
2024-01-30,992.1362915039062,998.9169962106156,983.4530020905246,990.2337663460511,16085742
2024-01-31,1003.1123657226562,1013.6981211276084,978.8187103188384,992.0387268414895,25627447
2024-02-01,1000.1853637695312,1008.7709929318956,992.6240933363141,1008.7709929318956,13058880
2024-02-02,999.0633544921875,1024.4301974773407,996.770605964979,1011.8443169459497,14774650
2024-02-05,998.5755615234375,1001.4536750045531,987.453152358168,997.5999136860917,12948430
2024-02-06,1001.4049072265625,1009.6979133732498,991.9411118317564,998.6242753186784,12886927
2024-02-07,997.2584228515625,1006.4295359934986,988.3312216596904,1002.9659386635358,16410895
2024-02-08,965.2083740234375,1003.2098684279933,961.2570122719966,999.1609061655041,20565502
2024-02-09,986.0872802734375,989.0629942650385,961.5009428835466,964.7693393163379,12799837
2024-02-12,971.8427734375,987.5507391294831,961.2570183691254,985.794584956461,8050066
2024-02-13,994.9656372070312,1002.0391434670632,975.9405046734194,981.5017091699309,18706292
2024-02-14,997.7951049804688,1010.4784679503913,983.0140156871737,984.965311459288,17878720
2024-02-15,991.8923950195312,1001.6488733670452,982.0870866412254,997.9413639559355,10069878
2024-02-16,998.3316650390625,1001.2097785647912,992.136324995411,998.2828945562029,7159395
2024-02-19,1018.33251953125,1020.5277273577844,998.4292780844752,998.4292780844752,9388255
2024-02-20,1023.210693359375,1027.0157438335884,1008.08815152665,1015.698252475077,11293528
2024-02-21,1026.3326416015625,1038.0892450705965,1022.4788804830687,1031.064628645261,15946325
2024-02-22,1036.8209228515625,1040.0406083965356,1014.9665062834417,1030.284129893754,13432573
2024-02-23,1035.455078125,1043.9431665127322,1031.8939397655,1043.9431665127322,13142759
2024-02-26,1028.5279541015625,1036.4307972587308,1024.9181045612984,1027.4547652461576,7875941
2024-02-27,1034.3818359375,1040.2357232242944,1021.015507605043,1025.1620110998556,10580973
2024-02-28,1020.72265625,1038.9185111032964,1016.7713542133081,1037.1135865360943,7730332
2024-02-29,1026.57666015625,1034.869667204587,1013.2103317291641,1017.6495772588014,20944844
2024-03-01,1060.431640625,1063.40729502092,1028.3328034897127,1029.3084513108604,14909562
2024-03-04,1065.7489013671875,1068.3343919800916,1053.7972152468624,1054.6753221282913,11424581
2024-03-05,1061.5537109375,1072.724831392527,1050.284930417513,1059.7486671027018,9222544
2024-03-06,1070.3831787109375,1086.4326564967669,1053.9923671118995,1053.9923671118995,21796484
2024-03-07,1061.4559326171875,1068.3342969627106,1056.3337818783252,1068.2854669356707,9963926
2024-03-11,1052.4312744140625,1061.456016908724,1050.5288087704587,1061.456016908724,13310362
2024-03-12,1050.6263427734375,1068.1392927948118,1029.9426563996108,1050.821543798178,21785435
2024-03-13,1057.553466796875,1063.1147311446932,1047.016541202175,1050.9191327033914,24855870
2024-03-14,1057.2120361328125,1070.3832827269032,1048.870318081808,1053.6997275272504,14231421
2024-03-15,1054.041015625,1059.797361129833,1043.9430853016538,1045.894380788199,66192734
2024-03-18,1054.8704833984375,1058.3829111883333,1034.2356251698557,1048.870343968933,8769440
2024-03-19,1057.553466796875,1062.2366242373914,1049.0653779207853,1052.1874034827022,16708715
2024-03-20,1058.090087890625,1063.4561510380647,1041.5040745258111,1053.6996725881743,18725251
2024-03-21,1055.4559326171875,1073.2126765353519,1052.8704418950965,1065.4074934332764,19992607
2024-03-22,1063.7489013671875,1067.0660087880365,1052.431290998509,1054.821699696048,17214415
2024-03-26,1057.3094482421875,1062.626800085145,1050.7238257477718,1054.675246883473,13367635
2024-03-27,1057.3582763671875,1065.8951944001406,1053.2606033504214,1057.309446339376,26907245
2024-03-28,1066.67578125,1078.1396428341293,1058.5778569174774,1058.5778569174774,22070566
2024-04-01,1072.8712158203125,1076.0907823680045,1067.7977753821392,1069.3589072693567,10848191
2024-04-02,1054.8704833984375,1067.7978183376224,1052.968017593616,1067.7978183376224,14380396
2024-04-03,1050.9677734375,1057.2607732714453,1046.1383644163889,1048.8213958942579,15477184
2024-04-04,1052.5775146484375,1059.3583377336058,1037.5525160016373,1058.3338599926974,21419689
2024-04-05,1057.016845703125,1059.553506152472,1041.455191902804,1043.943141420944,15340637
2024-04-08,1060.6756591796875,1065.1636157884861,1050.089903075878,1052.0899098516538,8023461
2024-04-09,1080.0909423828125,1088.091206687122,1061.7975461708568,1065.3585653553457,12298463
2024-04-10,1082.3836669921875,1089.3595724131958,1078.2371639423554,1083.8958495870784,10598000
2024-04-12,1077.5054931640625,1084.7740218982576,1069.1149455997045,1076.6273862927333,12216657
2024-04-15,1052.0897216796875,1079.2127766214483,1050.3823381264592,1073.4076010818974,10526597
2024-04-16,1041.06494140625,1048.4310101922226,1036.8207785700372,1044.4797084070326,11278092
2024-04-18,1029.7474365234375,1051.7971723738806,1024.8691974587614,1047.8457510924395,16564216
2024-04-19,1041.2601318359375,1045.8944589628718,1022.5764523362437,1027.308320425271,11284433
2024-04-22,1060.187744140625,1062.1877507445827,1044.2846367847953,1052.52893245238,10346714
2024-04-23,1063.699951171875,1073.2125166604562,1056.3337630775648,1073.2125166604562,9848215
2024-04-24,1070.0418701171875,1071.6517130255645,1062.480598639268,1065.651454420331,5461309
2024-04-25,1086.627685546875,1098.2379176339718,1063.4072213726813,1063.4560513994109,19905338
2024-04-26,1080.9202880859375,1092.7256033742926,1075.8956777866083,1085.066791491599,14190059
2024-04-29,1131.89794921875,1135.1175158705944,1080.9203458035802,1081.0178867752763,28578063
2024-04-30,1122.38525390625,1141.0689331118688,1118.8241156136564,1131.702618945696,29568491
2024-05-02,1111.7017822265625,1127.3609762690032,1105.6528138094745,1115.1653793816274,25118334
2024-05-03,1114.2386474609375,1129.2148177723732,1107.7992765304286,1113.5069115913466,19933604
2024-05-06,1118.3851318359375,1130.2391574450266,1110.3847483382629,1113.7508047401204,14970524
2024-05-07,1104.3358154296875,1124.6780491020515,1098.8722113377237,1119.9948918245757,15097728
2024-05-08,1095.6524658203125,1104.4332959114815,1088.8717613334063,1099.1160631064367,19913090
2024-05-09,1088.5302734375,1101.3600666593375,1082.9691282557828,1093.262260852585,12229853
2024-05-10,1089.847412109375,1101.408814608253,1084.969173156462,1090.7742298713763,8573656
2024-05-13,1100.53076171875,1103.1162523100456,1079.7494151217084,1085.3106792591882,9707983
2024-05-14,1093.2623291015625,1100.4333175249044,1091.3110332531621,1098.482021676504,8944262
2024-05-15,1096.9696044921875,1100.335660935582,1086.3838494464303,1094.7743968933958,10743423
2024-05-16,1103.5064697265625,1108.8725325190837,1085.7008977331961,1105.4089352594046,14265565
2024-05-17,1102.9698486328125,1116.1410940609796,1093.3109114992967,1103.5065025670874,8641784
2024-05-21,1093.6524658203125,1106.1896366129047,1089.0669683295614,1094.8720256952615,10452900
2024-05-22,1084.042236328125,1098.481871268217,1071.3588150501846,1097.603764437141,17527411
2024-05-23,1106.87255859375,1109.3116783791043,1084.335115596606,1088.3840782598234,13787687
2024-05-24,1104.384521484375,1107.360295026364,1096.7745398141412,1102.4820558412257,6312670
2024-05-27,1102.2869873046875,1119.8486485845435,1094.2378925514201,1104.3358239678098,11599857
2024-05-28,1099.5062255859375,1107.5553198262376,1097.6037600409186,1104.9211184411913,9311718
2024-05-29,1075.1639404296875,1096.1891994265106,1071.7491729237856,1087.896192626463,19268547
2024-05-30,1086.5789794921875,1093.7012565449618,1070.1881668205704,1070.2857077875317,15255387
2024-05-31,1093.7501220703125,1103.0674880238118,1084.188725045031,1090.774348346767,26197718
2024-06-03,1131.75146484375,1144.4348864325161,1108.6286592786682,1141.5079429889547,25699977
2024-06-04,1045.35791015625,1131.1662156790471,1027.8939077680864,1129.702743807571,43476837
2024-06-05,1081.652099609375,1095.8965355440796,1025.4548027546655,1058.5780022838428,42172104
2024-06-06,1083.359375,1090.7742746935958,1069.8953872976438,1090.7742746935958,18574162
2024-06-07,1094.3841552734375,1100.8235264178431,1076.724952853582,1083.3594059306379,17197635
2024-06-10,1096.4329833984375,1105.6039769227384,1087.9447765589168,1088.8228833488845,10851455
2024-06-11,1090.9693603515625,1101.5552346286859,1083.9447435857408,1092.4816621333332,12250002
2024-06-12,1092.28662109375,1105.7993202810974,1084.9204320321733,1093.701262866966,16096514
2024-06-13,1080.3836669921875,1095.8476622265855,1078.0909182705975,1094.872014336748,12494254
2024-06-14,1078.7249755859375,1086.8716106071388,1072.6758879821507,1086.8716106071388,11377979
2024-06-18,1095.5062255859375,1107.4092014776602,1074.383424637114,1086.8229354176456,18306176
2024-06-19,1116.580078125,1137.166342002539,1098.7257948267247,1100.4818894098034,34309514
2024-06-20,1128.62939453125,1131.7514197743346,1107.84804927048,1125.9463631481642,15475933
2024-06-21,1130.4344482421875,1141.410486972395,1122.629265145151,1135.2151467086508,69259425
2024-06-24,1141.60546875,1147.0203616875408,1124.5804622523651,1126.5317578554238,12210295
2024-06-25,1168.77734375,1176.631356914064,1139.2152841020384,1141.7519447999034,27309845
2024-06-26,1188.339111328125,1193.0709797006668,1164.7771913357117,1172.728745333667,25403461
2024-06-27,1190.19287109375,1204.9251302431871,1179.6558263643078,1198.4370480300415,20516632
2024-06-28,1170.3870849609375,1197.119858680918,1167.2162295895332,1197.119858680918,12507092
2024-07-01,1182.3387451171875,1185.7535123666644,1163.0209904215824,1170.3870597440186,8636894
2024-07-02,1161.6063232421875,1187.3634506753801,1156.6793729867939,1187.3634506753801,16153925
2024-07-03,1172.3382568359375,1186.2412366123526,1150.7276363814947,1167.7039302437993,22330897
2024-07-04,1202.9737548828125,1204.8762204814082,1184.729188396717,1199.0711636260962,15275791
2024-07-05,1203.364013671875,1212.339925743088,1191.1195862106667,1195.1685483777583,9535575
2024-07-08,1204.9739990234375,1209.3155845843798,1187.2659656353676,1198.9737405567168,6617190
2024-07-09,1217.8524169921875,1219.7548826422453,1199.3639380524303,1204.8762530735444,13366874
2024-07-10,1212.9254150390625,1222.2429000724055,1206.2422507799674,1222.2429000724055,18226503
2024-07-11,1208.291015625,1227.1698965417374,1195.2174298923792,1215.998657353838,11307116
2024-07-12,1202.876220703125,1222.389177096727,1200.144359168967,1205.8031641621653,12208290
2024-07-15,1199.9979248046875,1208.2909308340154,1194.2416982506682,1203.0712390939052,15612671
2024-07-16,1209.7056884765625,1214.6814682619654,1199.0711040112092,1200.0467517768816,12320605
2024-07-18,1219.8525390625,1225.8526779859858,1201.7053940039573,1204.8275385430438,10999632
2024-07-19,1218.2427978515625,1220.0477226821429,1210.0473315126171,1213.706011208785,7958817
2024-07-22,1210.92529296875,1214.974255165563,1202.8761986042646,1209.8032741772045,9958965
2024-07-23,1196.8759765625,1218.2426878788428,1182.972994972106,1210.9253291470568,19369832
2024-07-24,1193.21728515625,1203.6079582700647,1172.777510944099,1195.1685807983697,20122521
2024-07-25,1168.7286376953125,1188.5830485467682,1161.6063604199805,1176.1435378806723,14154461
2024-07-26,1177.802001953125,1190.2903417018374,1157.0694857554495,1161.020907069825,19309265
2024-07-29,1183.1680908203125,1212.4863561230136,1174.8263732265093,1185.558499492736,28458261
2024-07-30,1179.9971923828125,1200.876079269409,1175.0702424166864,1183.4607897362628,23972277
2024-07-31,1185.3145751953125,1194.8271415595514,1181.5095248300897,1189.3147074879269,22297629
2024-08-01,1180.63134765625,1192.875774860644,1177.5093224180825,1182.97292613369,8725046
2024-08-02,1167.4114990234375,1172.3872793090957,1161.118498843589,1167.8504929230744,10735395
2024-08-05,1144.044677734375,1159.9477857822058,1138.5810734380054,1153.215791605589,14306771
2024-08-06,1138.4345703125,1158.7768023850367,1133.2148785913764,1146.386123413575,13575619
2024-08-07,1143.8983154296875,1151.069422664435,1133.312559694185,1150.2400266838533,15753644
2024-08-08,1136.239501953125,1145.8008988559393,1130.6783566530576,1138.5322506611303,10806438
2024-08-09,1143.0689697265625,1152.1912530849597,1140.5323091971482,1147.8984979263976,8687307
2024-08-12,1154.09033203125,1159.4533399572713,1137.5582949209468,1152.3189994398172,10860455
2024-08-13,1149.7113037109375,1170.2779103089574,1145.0370803987933,1164.3243778306348,13117927
2024-08-14,1143.1181640625,1151.3841824712085,1134.6061339161688,1148.3827912230433,13431801
2024-08-16,1168.309814453125,1173.968084769491,1147.0544230284052,1151.335003504027,10961370
2024-08-19,1157.140869140625,1176.67417769156,1154.58237101426,1171.9999545311712,6686394
2024-08-20,1160.6341552734375,1170.8191375512558,1151.3349594196018,1155.4679086606573,10427061
2024-08-21,1156.1075439453125,1159.846970432822,1146.513086110094,1158.223268928432,17234142
2024-08-22,1172.098388671875,1173.5744592109102,1157.829706794536,1163.1435847596479,8564142
2024-08-23,1184.300537109375,1185.7766075752363,1169.589082848793,1173.968043848346,7518309
2024-08-26,1193.9443359375,1195.5679174745428,1181.889759553562,1186.3179712864373,10920226
2024-08-27,1206.7860107421875,1212.8379237983015,1189.6144386937667,1193.9442695051366,16295325
2024-08-28,1204.3258056640625,1206.8351733730776,1197.8803703762394,1203.1449974027116,12291305
2024-08-29,1202.4071044921875,1215.2980967161698,1197.5852499624118,1199.504093644897,10806748
2024-08-30,1209.590576171875,1215.8393709879244,1199.454963711402,1210.3778618547738,21211148
2024-09-02,1210.3284912109375,1219.4309254466023,1202.997389524353,1219.2341641068904,12516759
2024-09-03,1227.79541015625,1230.9935629487222,1200.930998773239,1207.6224463883482,19114907
2024-09-04,1216.62646484375,1223.859186152754,1213.1331701237295,1220.070629288316,13505843
2024-09-05,1216.23291015625,1224.9909529744998,1211.65718744667,1218.2502546691317,9142811
2024-09-06,1188.8763427734375,1214.21555165295,1185.7765708665058,1206.3923063523205,10170479
2024-09-09,1215.298095703125,1218.545498987779,1181.2992223854972,1183.7102097098402,13863250
2024-09-10,1217.5614013671875,1221.5467196441462,1207.4256692162026,1217.216888818786,15545130
2024-09-11,1216.62646484375,1219.5294755207808,1206.83524540051,1211.8538609951502,11993242
2024-09-12,1232.1744384765625,1236.9470422602217,1206.78597858148,1218.2501498155564,15376442
2024-09-13,1230.403076171875,1235.9137150505585,1222.2355585854264,1232.0267776590285,9877288
2024-09-16,1242.7037353515625,1245.4098646133787,1224.8432581989914,1231.042802375231,8973335
2024-09-17,1247.8699951171875,1251.9538142521255,1238.3247871252927,1239.849987924078,11513121
2024-09-18,1267.796875,1274.6852037097235,1241.8672616672682,1241.8672616672682,12466597
2024-09-19,1271.388671875,1279.2610475522447,1264.8447355687065,1267.7968764476732,13172268
2024-09-20,1317.09765625,1340.616403523679,1270.9459481482343,1274.340862241716,73257767
2024-09-23,1300.811767578125,1310.5538570094582,1287.6255136090529,1309.7665713516617,11380409
2024-09-24,1297.5643310546875,1310.1601805182468,1294.4645590257803,1299.9260678444703,13886037
2024-09-25,1302.7305908203125,1306.568398126912,1289.1999446337225,1289.8395992053097,8728019
2024-09-26,1307.8477783203125,1312.0791085565995,1295.891582652226,1298.9421044790677,11100869
2024-09-27,1285.7557373046875,1311.7346011418329,1283.0496081575457,1311.7346011418329,17117379
2024-09-30,1252.6917724609375,1276.1121380156592,1250.62529788209,1271.4870452580378,12622212
2024-10-01,1254.0694580078125,1259.826108644875,1247.3778906938255,1249.542866059136,10972413
2024-10-03,1236.307373046875,1245.5574384870451,1228.2382360313827,1233.6012439093365,17648551
2024-10-04,1219.97216796875,1244.2289485494368,1216.4787533567373,1227.2048887996382,13488887
2024-10-07,1214.215576171875,1242.8020684792546,1205.4575341441214,1221.7435594913184,20667247
2024-10-08,1216.8724365234375,1227.8938344569156,1210.1317389284563,1221.202267135771,12219259
2024-10-09,1224.3021240234375,1244.9178610443755,1212.9855832928288,1223.2196963259646,14765997
2024-10-10,1223.662353515625,1234.6836310469773,1218.2500954180489,1226.8605060278292,9118195
2024-10-11,1203.4893798828125,1221.005463060281,1202.505332965492,1217.2660367252977,8472512
2024-10-14,1212.099853515625,1218.1517663968125,1197.9788035414683,1201.5213486036762,11833929
2024-10-15,1235.4710693359375,1238.2264491207852,1215.6917476865672,1219.185042634826,11657338
2024-10-16,1223.3179931640625,1234.9296751311315,1221.7926723383464,1228.5826203359522,7869727
2024-10-17,1211.6077880859375,1236.897746253062,1204.8670906092916,1229.5173942444167,8459497
2024-10-18,1244.327392578125,1248.6572232672752,1205.7035490362575,1208.3604278039818,11018126
2024-10-21,1238.9644775390625,1252.0522311372122,1230.6000776735575,1244.3274858742436,7742775
2024-10-22,1247.279541015625,1264.4019824079978,1239.653176958133,1246.3938747133964,20090801
2024-10-23,1231.6331787109375,1247.7223228428932,1223.2196490881518,1240.8832443668052,14055447
2024-10-24,1232.764892578125,1240.3420065108755,1221.251590602818,1230.3047750515273,12223031
2024-10-25,1235.4217529296875,1248.657257098042,1214.5107542672154,1227.3526156126327,13546055
2024-10-28,1272.2252197265625,1286.9367953731105,1260.1706432204314,1264.9924978474703,24096412
2024-10-29,1310.60302734375,1314.047191986757,1278.5231178363258,1280.5895925975442,20656117
2024-10-30,1291.21728515625,1309.6681662645217,1284.771729306591,1302.878217992093,15055031
2024-10-31,1271.634765625,1297.9087730930953,1267.9938396886323,1286.3954709717789,23497314
2024-11-01,1271.1920166015625,1275.5217274869858,1265.7305074705932,1269.371433475953,1007022
2024-11-04,1256.8248291015625,1271.1920119571882,1249.7889888769905,1269.5190599185414,14309121
2024-11-05,1276.013671875,1280.540384084737,1242.9497173467564,1252.6918064806564,16431920
2024-11-06,1281.5736083984375,1294.0218271864514,1272.077530661039,1279.507133687592,12037405
2024-11-07,1258.3009033203125,1282.0165331075627,1254.905989077919,1276.4566433011378,9909035
2024-11-08,1238.7674560546875,1254.6598380276207,1232.7155433996181,1249.739603368689,11195808
2024-11-11,1249.0509033203125,1255.545589486218,1226.7622147783625,1241.8673121816607,8387780
2024-11-12,1250.3302001953125,1274.3409730558553,1244.3275370109104,1255.7917095575829,13486168
2024-11-13,1233.69970703125,1255.8900154912558,1230.0587810883994,1250.3301257761507,12260404
2024-11-14,1236.8978271484375,1247.4763323860159,1223.2196699628385,1233.7489248013048,9506892
2024-11-18,1233.45361328125,1242.4576669848584,1229.468295169204,1239.8991689148563,6195554
2024-11-19,1229.173095703125,1240.8832791422965,1221.054707873685,1236.996341503432,11537317
2024-11-21,1230.60009765625,1236.8487724561849,1212.8872505946151,1228.6320035382905,9593870
2024-11-22,1257.6612548828125,1260.9577881469831,1235.962971544977,1237.931065448711,11604338
2024-11-25,1280.1959228515625,1290.2824048083883,1269.420656029783,1275.3249381508517,22717581
2024-11-26,1284.132080078125,1293.2837651950626,1281.6719625867895,1289.691969633128,7646955
2024-11-27,1279.9498291015625,1289.9379297411074,1277.1453192983001,1277.7849738450245,21938082
2024-11-28,1265.828857421875,1289.5936169281972,1261.8435390732282,1280.2944206584275,22803745
2024-11-29,1279.3594970703125,1282.4592691846208,1262.6306978559342,1262.6306978559342,11397228
2024-12-02,1283.8370361328125,1289.6429378804962,1268.5843065212864,1279.1628125421835,9626400
2024-12-03,1287.527099609375,1291.8569303693412,1275.4232736408442,1283.1480184509742,11509276
2024-12-04,1295.0550537109375,1298.9419911656362,1280.9338836934899,1281.819549984778,11570281
2024-12-05,1315.1787109375,1321.4766352613722,1287.723777795703,1295.2517607717803,19210697
2024-12-06,1307.552490234375,1325.6097291981625,1305.5351457750585,1321.0831368877882,8942672
2024-12-09,1301.2054443359375,1307.8477618319184,1299.1880998620604,1301.0085628548916,8000764
2024-12-10,1309.225341796875,1310.750662764429,1294.267874775462,1297.9580511909023,8218214
2024-12-11,1306.3223876953125,1310.01256393174,1295.005847236935,1303.567008056277,8138066
2024-12-12,1308.04443359375,1317.392879799611,1300.467319981326,1300.467319981326,9076896
2024-12-13,1323.44482421875,1325.658929951843,1292.5457246301107,1304.206657466483,13536684
2024-12-16,1324.6256103515625,1328.9061906725217,1318.672198220594,1323.4448020295467,9071006
2024-12-17,1312.4727783203125,1326.593829736323,1304.8956639379458,1320.5911666398197,9879257
2024-12-18,1293.1854248046875,1313.6535308964567,1286.5922376487658,1304.108322781897,8510595
2024-12-19,1266.3701171875,1282.2132499737959,1263.9591299468714,1265.4844508567164,11517304
2024-12-20,1267.8460693359375,1277.0468839667885,1252.1013186956227,1263.4669884903512,58491181
2024-12-23,1276.1121826171875,1286.149413849784,1266.5177244802055,1273.9964575675247,6827512
2024-12-24,1276.554931640625,1283.6892721720526,1269.6666028516604,1276.11215855336,7138516
2024-12-26,1276.6534423828125,1291.8077912870956,1268.6334347368281,1286.149520633962,7338444
2024-12-27,1286.690673828125,1294.9565723430283,1277.834251028224,1277.834251028224,4756066
2024-12-30,1273.9964599609375,1305.3383325760412,1268.8793435378464,1284.1320718868315,14207425
2024-12-31,1261.203857421875,1269.3713754212274,1259.6785365277274,1266.3701041548643,8449607
2025-01-01,1263.1719970703125,1272.3728127979782,1246.8859706361397,1261.2039030056599,4705399
2025-01-02,1270.0111083984375,1272.7664882086394,1258.0057823459824,1264.5988495821298,7433222
2025-01-03,1244.8687744140625,1267.4526062669288,1242.1133946121358,1265.681273519557,11194997
2025-01-06,1243.933837890625,1257.3661039966464,1236.9471279387867,1247.8208957681682,7504047
2025-01-07,1258.842041015625,1268.3872482315367,1246.2954426001868,1246.2954426001868,7539758
2025-01-08,1243.5894775390625,1264.5004776559408,1232.3713169811858,1260.1215162688734,7566309
2025-01-09,1242.260986328125,1244.5734728084612,1228.1890658447487,1237.9311554007072,8684920
2025-01-10,1229.9111328125,1244.7702186556908,1223.2688154875007,1238.9151869887507,7854524
2025-01-13,1210.1317138671875,1224.1051322436474,1205.3591102745675,1215.1995795883888,9669336
2025-01-14,1220.5135498046875,1224.9908916090162,1207.868449677033,1213.6743510380347,10342698
2025-01-15,1218.4962158203125,1224.5481289846475,1210.3778279499168,1214.3140160082905,5355382
2025-01-16,1229.173095703125,1235.4710205893364,1219.8738995113004,1225.2369076646085,11895924
2025-01-17,1205.900390625,1229.0747463413768,1198.5692882656501,1223.5148565707311,9790533
2025-01-20,1213.2806396484375,1221.9403008625661,1195.8630566726263,1204.3750868195866,7676418
2025-01-21,1177.0677490234375,1219.1848851844006,1173.6727150709557,1217.216791341657,20520898
2025-01-22,1181.2991943359375,1188.2367738598177,1172.7872837312666,1181.8404682448374,10377123
2025-01-23,1182.5784912109375,1188.6304043313805,1167.0797508434964,1178.150279677383,8770650
2025-01-24,1189.90966796875,1198.569330226456,1182.824577120033,1183.9070048715128,9216792
2025-01-27,1208.3603515625,1214.9535379140266,1174.0663408735631,1175.9360540216949,16164687
2025-01-28,1227.00830078125,1243.835481450335,1216.2821638232706,1227.4510739082264,18066499
2025-01-29,1231.682373046875,1235.7661918610902,1223.2195934110168,1232.0267654503327,7666777
2025-01-30,1235.5694580078125,1239.7516579907988,1219.7263244497915,1230.0588185254048,11921041
2025-01-31,1232.814208984375,1235.963111537846,1219.332692143045,1234.4870409428568,10195417
2025-02-01,1235.520263671875,1241.2276642201673,1214.117241339197,1231.1904328305643,3011914
2025-02-03,1233.0108642578125,1239.8991931084147,1218.0533982313877,1226.9589513144845,6176831
2025-02-04,1247.9683837890625,1260.0722101946521,1239.8992462672875,1242.6546259748302,14839077
2025-02-05,1247.476318359375,1257.366038635732,1244.9670706142904,1249.9364358288246,6840709
2025-02-06,1252.1014404296875,1258.5961266756726,1243.048135857561,1254.6599386329026,8396554
2025-02-07,1236.8487548828125,1254.6599823726938,1229.616033126662,1251.707841237699,7382039
2025-02-10,1242.4576416015625,1244.8193782805915,1229.4190196551453,1237.143764104477,5740361
2025-02-11,1232.764892578125,1241.7196963503554,1228.48431210643,1235.815414286521,6586627
2025-02-12,1231.830078125,1249.4936736609566,1224.7941180762562,1237.1438358071441,8809352
2025-02-13,1228.976318359375,1245.8034979804984,1226.0241773689,1232.5681139223714,7263785
2025-02-14,1239.9976806640625,1243.3434647044744,1224.597320096045,1232.1253041562384,10368438
2025-02-17,1231.1904296875,1238.0787586965241,1213.5759643398394,1231.1904296875,8386151
2025-02-18,1223.2196044921875,1237.537415485285,1217.3153228151366,1232.912442887429,8135042
2025-02-19,1241.5228271484375,1244.2780864651265,1210.6237296739364,1215.1503215050736,10683412
2025-02-20,1230.009521484375,1243.8354301295267,1226.8606190775215,1235.323399403501,8398849
2025-02-21,1213.2806396484375,1224.8431913175618,1205.0147413620368,1221.3006463201161,7786428
2025-02-24,1198.9136962890625,1212.2475818317712,1190.9429392289517,1207.1304651110468,11522480
2025-02-25,1204.6212158203125,1212.0015686679765,1201.5214435997075,1207.0320830347105,11059417
2025-02-27,1202.9482421875,1215.1504493679895,1199.0120540726923,1205.6052412387521,12008162
2025-02-28,1184.8909912109375,1205.4575979266801,1180.9548031360748,1196.6011747582393,20215075
2025-03-03,1186.9573974609375,1197.5851526992194,1184.9401732626818,1191.188847446512,8158881
2025-03-04,1191.0904541015625,1197.2407475483415,1187.0066352283177,1187.8923015092375,9574490
2025-03-05,1196.3057861328125,1206.3922670083289,1191.976075806532,1197.5850951710681,9052846
2025-03-06,1198.618408203125,1208.3603766879573,1189.7127354592471,1208.3603766879573,11949475
2025-03-07,1195.17431640625,1198.4215993904008,1187.0559287614878,1191.7792822265046,6620284
2025-03-10,1195.469482421875,1206.2448692222129,1188.7287844485525,1188.7287844485525,7363437
2025-03-11,1225.5321044921875,1228.0906025562624,1197.7819082260587,1197.7819082260587,10927950
2025-03-12,1224.105224609375,1231.9776006544478,1215.5933141089804,1227.0573656262773,11548372
2025-03-13,1230.1080322265625,1235.5694211441137,1225.4338088556233,1231.0920792520233,8132940
2025-03-17,1248.755615234375,1253.6265997269006,1234.732945796164,1236.996301895009,11164812
2025-03-18,1248.755615234375,1248.755615234375,1248.755615234375,1248.755615234375,0
2025-03-19,1292.152099609375,1297.2692161145496,1281.3768329423835,1284.771747064059,11278014
2025-03-20,1300.6148681640625,1303.1242360561191,1290.1348637421092,1298.9420363179743,10886735
2025-03-21,1321.6734619140625,1327.4793630639822,1290.6759823465936,1295.0058130409195,60494318
2025-03-24,1336.4835205078125,1351.0965951268047,1323.592528220555,1334.3185449313019,9352280
2025-03-25,1322.263916015625,1342.0433569660177,1308.8317704607064,1337.3198832805363,16419207
2025-03-26,1314.58837890625,1336.3357930453642,1310.2585481884407,1322.608385783058,10859639
2025-03-27,1315.326416015625,1329.9394896015347,1311.8822515956433,1311.8822515956433,15109614
2025-03-28,1326.8397216796875,1336.2865486646785,1306.027104024632,1314.6867654992452,8266544
2025-04-01,1297.4166259765625,1330.7758409067335,1294.4153549157386,1318.6228853536172,14288024
2025-04-02,1310.0125732421875,1316.605640115626,1301.0577695360655,1301.0577695360655,8042214
2025-04-03,1308.3397216796875,1311.7346357410256,1300.172083625529,1300.8608684683468,4591008
2025-04-04,1313.998046875,1317.196199721689,1301.0085540085365,1308.3397764539347,8648542
2025-04-07,1267.009765625,1303.8622778051142,1244.8194576780902,1274.5868794921314,19185012
2025-04-08,1279.1627197265625,1289.1508208042862,1266.8128818235116,1279.113469327377,13085762
2025-04-09,1280.04833984375,1284.2796697185806,1264.008326268558,1284.1320386492785,13005622
2025-04-11,1290.7252197265625,1303.8622226242683,1284.2796640863085,1284.2796640863085,13064247
2025-04-15,1328.66015625,1332.6948448810174,1314.8834988213314,1329.4474418665204,15202603
2025-04-16,1334.7613525390625,1338.0086355110902,1321.4767182608662,1335.35175670462,14039073
2025-04-17,1384.2589111328125,1386.4238866758244,1338.4023434904611,1340.2720568748578,17490424
2025-04-21,1387.3094482421875,1413.0914304704045,1382.290712662376,1413.0914304704045,16882426
2025-04-22,1393.9024658203125,1396.1658217913894,1376.5832640076646,1390.2615402559697,16135274
2025-04-23,1401.676513671875,1407.0887719511927,1388.7855225220842,1406.2031056627204,13990764
2025-04-24,1380.32275390625,1398.5276243961446,1376.4850664959145,1393.7058899323015,15678099
2025-04-25,1382.3892822265625,1392.2297522876202,1366.2508873018426,1387.5062786091423,11705093
2025-04-28,1406.00634765625,1412.1073907727903,1381.4051736009749,1383.1763860592027,10948561
2025-04-29,1406.990478515625,1415.3548781931777,1399.9052678914709,1406.0064314947365,10786910
2025-04-30,1404.2349853515625,1410.8280518096522,1377.665717934259,1410.1392669998522,14192027
2025-05-02,1407.2855224609375,1423.5222971739024,1401.8732642232824,1404.136620262742,8842434
2025-05-05,1406.5968017578125,1423.719243532893,1403.251017942901,1417.0276759030696,4565705
2025-05-06,1408.7615966796875,1410.8280712604956,1397.740318833432,1406.2030986214052,6301690
2025-05-07,1412.5010986328125,1418.9957848579238,1398.3307976997987,1402.2669857299177,10480453
2025-05-08,1412.599365234375,1425.7856180950018,1403.3493000859999,1415.6498866867869,15306490
2025-05-09,1366.742919921875,1397.2483773146432,1364.8732065732167,1392.6232842813388,13491197
2025-05-12,1425.39208984375,1429.8203013758846,1381.601998025975,1386.9158758891217,9925445
2025-05-13,1407.777587890625,1424.8016487219365,1404.6286855985884,1417.126034216079,12475424
2025-05-14,1403.44775390625,1417.7164351068907,1394.6898318883327,1407.088799803615,8026837
2025-05-15,1427.6553955078125,1433.2644152009339,1392.9184893353395,1403.152601872172,18209264
2025-05-16,1430.8043212890625,1435.4292940858757,1423.915992369514,1430.115536446277,6439208
2025-05-19,1425.8841552734375,1436.413410510274,1420.7671587350164,1423.4240376832488,6005334
2025-05-20,1415.25634765625,1435.724573309837,1412.5994688048465,1427.0649116587983,11352383
2025-05-21,1421.652587890625,1428.147393892195,1415.5515448185727,1419.8813754453126,5510460
2025-05-22,1419.0941162109375,1422.2431385993382,1405.0223165661077,1418.11006923761,7245933
2025-05-23,1426.67138671875,1428.639480716087,1411.5170389146704,1419.1925334305297,5203706
2025-05-26,1437.2989501953125,1448.1234666381572,1431.7883113035389,1434.7404521515875,5608725
2025-05-27,1423.3255615234375,1439.660717201896,1412.7961868700127,1429.3282240162364,14842959
2025-05-28,1430.6075439453125,1434.7404932016627,1419.487765050342,1424.5063806110309,8618343
2025-05-29,1433.264404296875,1439.5623288964678,1421.9478642011566,1433.3627849687755,15545514
2025-05-30,1422.7352294921875,1437.5943154688398,1421.2591589622632,1436.6102684488903,11803975
2025-06-02,1427.360107421875,1436.7085534890987,1409.9425243773735,1418.995708309096,9458990
2025-06-03,1414.961181640625,1431.7883610343827,1409.1552804132207,1431.6899803606145,11167345
2025-06-04,1408.171142578125,1417.1259455259117,1403.6445507705212,1414.469066890968,8025388
2025-06-05,1431.5916748046875,1435.7246243032014,1404.5303813376977,1408.0729266396995,11385668
2025-06-06,1436.413330078125,1438.0862820195339,1419.0941272375726,1425.4904326139017,11580994
2025-06-09,1411.91064453125,1443.4001476588123,1410.5329547448348,1441.6288150587184,11022031
2025-06-10,1400.200439453125,1418.7004501751119,1393.902514902332,1416.0435714397854,12905272
2025-06-11,1408.171142578125,1411.615306798267,1395.9689367450383,1399.1179589629173,7136877
2025-06-12,1402.4637451171875,1413.5835243358638,1397.3467487343728,1407.679242298958,7953247
2025-06-13,1393.5089111328125,1398.822788875249,1381.2083238229704,1381.2083238229704,7573103
2025-06-16,1404.1365966796875,1406.2030712202284,1391.6391285216148,1394.0008651920546,5451137
2025-06-17,1400.4957275390625,1406.9905342324632,1395.1819695141812,1404.136773734292,6970098
2025-06-18,1390.0648193359375,1409.1553558631385,1387.7030824244302,1394.3946503198795,6751745
2025-06-19,1388.78564453125,1392.1313083904192,1382.2908379271437,1385.538241229197,8849883
2025-06-20,1404.33349609375,1410.4346597691706,1387.7030772194692,1388.7856250535913,12408178
2025-06-23,1397.445068359375,1400.495589920588,1389.3759313106286,1394.394546798162,5514384
2025-06-24,1401.38134765625,1412.993150628414,1393.9026142728064,1404.9238929302046,11188438
2025-06-25,1403.0543212890625,1406.1048430963208,1392.721827342493,1399.314894478275,7527388
2025-06-26,1416.14208984375,1424.4081091129294,1399.0196470982207,1402.070289060642,13617435
2025-06-27,1438.87353515625,1442.6129619608457,1414.1739784542212,1415.945311177015,22532899
2025-06-30,1422.7352294921875,1438.5783624887893,1419.291064922364,1438.4799818113797,6325073
2025-07-01,1409.1552734375,1424.506382279972,1406.7935366641375,1422.6366689959384,7761449
2025-07-02,1405.0223388671875,1427.8521809615802,1399.905222450911,1409.352049520214,13372280
2025-07-03,1403.1527099609375,1423.0304122841014,1400.9877343812811,1409.2537536102052,10177738
2025-07-04,1419.782958984375,1421.3574100481592,1398.4290685246438,1404.2349694375814,5066503
2025-07-07,1412.7962646484375,1417.9133812482285,1406.7936018251748,1414.075573829117,5177477
2025-07-08,1418.9957275390625,1421.947868442403,1407.1871639257,1409.1552578612602,5315847
2025-07-09,1409.056884765625,1415.748332108758,1403.8413877591775,1413.2882146760794,8827347
2025-07-10,1401.38134765625,1416.0436723886824,1399.4132536015054,1413.8788169776346,7795964
2025-07-11,1399.2164306640625,1405.2190932422636,1392.032839631232,1399.3148113378843,7158015
2025-07-14,1400.298828125,1402.1685413789849,1393.5088800568021,1402.1685413789849,5846154
2025-07-15,1407.9744873046875,1410.9266282871913,1396.3626847243358,1398.429159387504,6041457
2025-07-16,1403.6446533203125,1406.3999128239755,1396.4610622300193,1403.2510104989537,5649093
2025-07-17,1396.0673828125,1400.4955941601263,1387.0141987731877,1398.3307388837884,12927394
2025-07-18,1403.0543212890625,1406.203223775988,1386.030259404114,1393.2138508637581,11297246
2025-07-21,1442.4161376953125,1444.2857308931439,1414.07553610418,1424.9000530820128,13867136
2025-07-22,1450.0916748046875,1458.3576938551728,1446.25386737522,1450.5836983181339,8930165
2025-07-23,1464.8524169921875,1466.2301068890183,1449.1076641665336,1459.2433968472208,11974174
2025-07-24,1459.7353515625,1464.9507286163912,1454.5198543856832,1463.9666816111749,6700578
2025-07-25,1453.5357666015625,1476.0704664133914,1450.0916021799312,1476.0704664133914,8696077
2025-07-28,1464.655517578125,1469.9693951805034,1453.535738893943,1453.535738893943,7507479
2025-07-29,1462.4906005859375,1466.0332658775797,1451.8629650797843,1456.2911765714125,9776027
2025-07-30,1458.751220703125,1464.7538830653054,1453.7326052895944,1463.966597457218,7238625
2025-07-31,1457.7672119140625,1470.658203254236,1440.6447705347616,1446.450671708359,12406146
2025-08-01,1448.12353515625,1461.408169601032,1446.3523226373668,1456.7831967694258,4416771
2025-08-04,1439.8575439453125,1455.2087734738848,1437.987950715613,1453.240679444368,6140054
2025-08-05,1421.3575439453125,1438.1847240128375,1418.0117600427636,1429.820324317929,14799343
2025-08-06,1420.5703125,1430.8044259536912,1418.6022183790183,1419.291123395121,7805252
2025-08-07,1417.322998046875,1424.8017315172433,1406.301599138448,1418.110163604165,7432535
2025-08-08,1412.9931640625,1424.5064663430474,1409.1553565946745,1422.8336344297813,5415511
2025-08-11,1413.681884765625,1415.4532174004985,1397.7403715434584,1405.1207239838918,8492484
2025-08-12,1410.112060546875,1421.8134608053708,1408.2279203629066,1419.0368204237539,5913947
2025-08-13,1408.922119140625,1415.7643381003145,1403.368838463484,1412.6902784003407,9009465
2025-08-14,1415.3677978515625,1419.1359571615956,1400.1956576735638,1400.1956576735638,7577793
2025-08-18,1422.606689453125,1440.2579294966365,1419.0368097392131,1437.8779693374279,6908844
2025-08-19,1424.29248046875,1426.474039895735,1414.3760811646432,1419.1358802007367,6709554
2025-08-20,1418.64013671875,1423.8958770531979,1411.1036970512757,1420.6234166864958,5817858
2025-08-21,1433.911376953125,1435.6963772945633,1424.3916575816534,1428.0606770004104,6238645
2025-08-22,1424.3917236328125,1433.9114434457279,1417.450243616132,1432.2257038615987,6657207
2025-08-25,1421.2183837890625,1423.8958843891958,1412.0953443103494,1423.8958843891958,6738427
2025-08-26,1404.7572021484375,1415.9627825871721,1401.2864621426106,1415.9627825871721,8720155
2025-08-28,1387.4034423828125,1399.9973424915918,1384.6269231275805,1396.2290622275916,12990789
2025-08-29,1386.1143798828125,1393.254139151069,1380.4619594997932,1380.4619594997932,8519507
2025-09-01,1399.2039794921875,1400.5922996421114,1386.4117998354175,1386.4117998354175,4927348
2025-09-02,1382.54443359375,1402.0798141390458,1378.3795940317052,1402.0798141390458,7163073
2025-09-03,1385.321044921875,1388.2959648465462,1372.6280048233573,1377.387925122752,9813382
2025-09-04,1393.75,1403.2697196534332,1390.180120261188,1398.1132401473494,10564859
2025-09-05,1391.0726318359375,1399.699851362779,1376.098771088494,1399.2040313658385,6621077
2025-09-08,1390.973388671875,1398.807368933041,1385.9160488487796,1390.4775686686341,5880943
2025-09-09,1391.9649658203125,1395.7332460946977,1383.5360261458507,1387.304306420236,6470679
2025-09-10,1392.163330078125,1401.8813288190768,1390.3783297737682,1398.2123094765393,7452347
2025-09-11,1389.882568359375,1396.2290884258164,1384.3294086949145,1386.3126886500647,10192026
2025-09-12,1405.847900390625,1407.8311802789096,1388.39506158368,1393.3532613043915,7770038
2025-09-15,1407.5338134765625,1414.8719735471493,1404.4597537449094,1410.1120532176328,5845637
2025-09-16,1409.71533203125,1412.987792293879,1401.8813521978338,1402.1788926034542,8213151
2025-09-17,1407.33544921875,1414.1777894755733,1404.5589298296168,1408.2279494348236,7484283
2025-09-18,1409.814453125,1420.821753289835,1403.4680543540285,1419.1358927633355,8130537
2025-09-19,1390.4775390625,1406.145499251229,1388.494259091765,1404.26135906907,13457344
2025-09-22,1389.783447265625,1398.1132473992611,1385.5193468847744,1392.1634074537787,8847948
2025-09-23,1382.6436767578125,1391.568436605077,1379.3712163938944,1379.3712163938944,12827524
2025-09-24,1371.1405029296875,1379.2720231049968,1364.9923836933056,1374.8096433544556,9735678
2025-09-25,1364.29833984375,1379.867039189023,1360.331779903573,1365.488259405882,21613389
2025-09-26,1348.233642578125,1361.2241016242142,1345.655402935739,1356.563442311047,18342280
2025-09-29,1336.829833984375,1355.076033842118,1334.9456938107846,1348.233693764239,20563163
2025-09-30,1336.730712890625,1345.2587926353076,1331.3758327091439,1342.3830124406416,20166871
2025-10-01,1360.530029296875,1367.8681892333634,1335.8381700071102,1336.7306701838102,20952632
2025-10-03,1353.786865234375,1360.4309257938526,1349.9195661151996,1360.4309257938526,12163695
2025-10-06,1352.001953125,1361.1249923873581,1347.73785285358,1359.5383926525742,14314283
2025-10-07,1364.3974609375,1371.5372203120692,1352.2002408686599,1352.2002408686599,16126464
2025-10-08,1358.8443603515625,1370.0498198860423,1352.8945202642897,1360.8276403806535,8100832
2025-10-09,1364.69482421875,1367.173924045517,1353.687645197864,1358.3484255020637,7909575
2025-10-10,1368.7607421875,1373.4214017735967,1358.8443421746942,1358.8443421746942,7673816
2025-10-13,1367.8681640625,1374.8096436760768,1361.6207839903618,1361.6207839903618,8923018
2025-10-14,1372.52880859375,1377.3878684808556,1363.6040491867466,1377.3878684808556,10610855
2025-10-15,1386.7093505859375,1388.692630514965,1373.9171708337506,1374.9088107982643,8988550
2025-10-16,1405.451416015625,1407.0380158006922,1387.7010358612888,1389.287635646356,12185032
2025-10-17,1424.5899658203125,1427.5648857493748,1399.1048668479334,1400.1956466119625,17037215
2025-10-20,1378.6771240234375,1432.9197829584125,1377.5862231965677,1429.944862993793,23330227
2025-10-21,1370.4464111328125,1375.999570643796,1364.3974316467445,1372.9255110082336,3415560
2025-10-23,1352.2994384765625,1378.1813396780694,1348.7295586366392,1373.4214191916344,21124942
2025-10-24,1366.182373046875,1370.0497932383416,1356.66265330236,1356.66265330236,10570263
2025-10-27,1366.083251953125,1375.206412664237,1362.5133721313011,1370.5456319928564,11499836
2025-10-28,1351.7044677734375,1364.298368477702,1344.8621275230646,1361.521728041381,26477914
2025-10-29,1358.9434814453125,1360.2325408166014,1347.043801434495,1353.191921020162,16129382
2025-10-30,1351.0103759765625,1358.7450954369456,1349.9195961737937,1351.0103759765625,9324401
2025-10-31,1334.0533447265625,1350.6136843601014,1332.07006472016,1345.6554843440952,15926798
2025-11-03,1335.14404296875,1340.3005222505137,1326.715103456384,1329.2933430972657,11071450
2025-11-04,1325.7235107421875,1338.5156906678078,1322.0543701938611,1331.375810196628,15211183
2025-11-06,1309.3614501953125,1330.979129069885,1306.386530263507,1318.88116976713,24221853
2025-11-07,1331.7724609375,1333.0616413002483,1307.576421800604,1309.3614221413634,7719245
2025-11-10,1336.730712890625,1338.3173126722259,1329.7892329275433,1331.6733731274833,8542340
2025-11-11,1346.944580078125,1349.0269997439532,1334.9456399539874,1337.7222802082897,8305184
2025-11-12,1347.53955078125,1358.5467300041707,1344.0688109600715,1358.5467300041707,9736761
2025-11-13,1374.3138427734375,1378.7762225869417,1347.142883699029,1347.5395638924115,18296626
2025-11-14,1361.521728515625,1369.653128146561,1351.8036080349211,1362.513368521827,9694498
2025-11-17,1367.4715576171875,1370.9422976111398,1362.1166774165574,1363.6041374139656,7660717
2025-11-18,1361.9183349609375,1371.2397747243117,1357.6542347453071,1368.6614140079962,9529560
2025-11-19,1371.5372314453125,1372.4297316368286,1360.133371680989,1362.0175118520117,10393918
2025-11-20,1371.4381103515625,1376.6938507345087,1363.9016706145442,1368.5623301618334,10131863
2025-11-21,1358.0509033203125,1364.4965629563708,1353.1918433847088,1361.5216431243439,11483595
2025-11-24,1356.960205078125,1365.488284898759,1350.1178648436169,1361.8192653055182,15896003
2025-11-25,1346.4488525390625,1365.3891524995797,1342.978112507823,1353.5886121834044,12235000
2025-11-26,1363.5050048828125,1365.4882848899147,1348.5312650391513,1348.6304048295453,9659004
2025-11-27,1380.5611572265625,1382.3461576434415,1364.1990972544559,1367.471557668799,15158741
2025-11-28,1377.189697265625,1386.8085569633604,1374.0163765969262,1380.3628968845176,7683986
2025-12-01,1378.478759765625,1388.2960201178482,1373.8181001180092,1382.3461800316288,8867593
2025-12-02,1361.521728515625,1370.2482089901266,1359.1417682907786,1370.2482089901266,12126396
2025-12-03,1379.8670654296875,1382.544445020301,1355.5718853340877,1355.5718853340877,7955933
2025-12-04,1375.1070556640625,1379.9661155774988,1368.3639767054422,1375.4045960658268,7373909
2025-12-05,1380.858642578125,1383.6352828825825,1369.4547830523452,1369.4547830523452,4942638
2025-12-08,1377.98291015625,1383.2386505394277,1371.7356508298087,1375.404670384236,7826227
2025-12-09,1363.7032470703125,1372.7272676950297,1361.9183677427457,1368.3640275890855,10492030
2025-12-10,1352.2001953125,1367.8681547535796,1346.5478960855444,1366.3806948465074,8725381
2025-12-11,1348.63037109375,1355.1751707435094,1341.490611666704,1352.299390595187,6734750
2025-12-12,1354.5802001953125,1359.240859638436,1351.90282069391,1356.5634801370334,3890885
2025-12-15,1353.786865234375,1358.5467856038574,1344.7629655399599,1344.7629655399599,5342530
2025-12-16,1354.5802001953125,1357.257579696715,1344.1679805012782,1352.5969202535916,12359741
2025-12-17,1341.0938720703125,1353.5885110391764,1331.8715722565005,1353.5885110391764,9440391
2025-12-18,1345.4571533203125,1358.0509324595278,1334.2515732926577,1335.0449336848067,7314573
2025-12-19,1342.7796630859375,1349.0270433350909,1339.5073238052678,1342.6805232986085,14318512
2025-12-22,1357.059326171875,1359.8359665635035,1343.4739067302291,1346.647106277973,9375294
2025-12-23,1351.605224609375,1353.5885044694035,1345.6553850292898,1349.7210845323889,9105467
2025-12-24,1348.43212890625,1356.7618081188289,1346.2504482626368,1352.3986889312134,8955140
2025-12-26,1339.110595703125,1350.6135947672478,1337.2264556120658,1345.159575111433,2812144
2025-12-29,1332.070068359375,1344.3663075928198,1330.2850679288142,1340.7964277815033,6057201
2025-12-30,1331.276611328125,1335.8381308143366,1326.9133714087848,1332.0699716952038,18621277
2025-12-31,1331.67333984375,1338.7139594203709,1328.3017397359904,1331.574200056716,6150634
