Price,Close,High,Low,Open,Volume
Ticker,RELIANCE.NS,RELIANCE.NS,RELIANCE.NS,RELIANCE.NS,RELIANCE.NS
Date,,,,,
2021-01-01,897.047119140625,901.3348599535196,894.5647051802756,897.27275515116,10015175
2021-01-04,898.55908203125,902.1923588792536,888.2458453983129,900.4772865018267,24513534
2021-01-05,887.3883056640625,895.286819208082,882.8296824610696,888.6971735420237,24123091
2021-01-06,863.9861450195312,887.3431733969305,859.8789129484342,887.2980461940915,46401468
2021-01-07,862.5868530273438,877.8648566159659,859.878803357666,866.8069025676972,32325918
2021-01-08,872.7647094726562,874.8860460383853,863.0156822176616,865.678604878862,27540187
2021-01-11,856.3131713867188,875.0665066757083,854.1692713388484,875.0665066757083,33307825
2021-01-12,883.3036499023438,884.6350813991116,857.5092762592445,858.9084582491231,41161546
2021-01-13,875.0665893554688,891.3826993524976,865.8817711258671,886.2373626282811,26619458
2021-01-14,884.9058837890625,887.7493749036234,875.1794202704835,877.8649064942006,21553242
2021-01-15,874.457275390625,890.8636390967538,866.6038890308039,884.9058936036437,20593268
2021-01-18,895.4447631835938,901.3348178565226,868.093322463363,879.7154269171596,35100458
2021-01-19,910.0908813476562,916.6804669801634,900.2741041573885,900.2741041573885,32006615
2021-01-20,927.3773803710938,928.8668167227358,903.3207030552749,912.3476352561834,30924537
2021-01-21,947.5524291992188,956.8501242760648,936.5396618324675,939.6990432246472,39087742
2021-01-22,925.0756225585938,954.7515344001,918.5536671571999,952.7881428838759,30532660
2021-01-25,876.0595092773438,918.4633177239738,871.9974047459384,918.4633177239738,54207104
2021-01-27,855.297607421875,868.837975005022,852.1382261241113,868.837975005022,42370131
2021-01-28,846.9703369140625,868.0707040284875,844.0140279643443,848.5951547796549,34067814
2021-01-29,831.3538818359375,863.4670185270817,825.9602859922227,854.9817319108826,43712383
2021-02-01,855.43310546875,859.8111004411335,834.084477925657,839.2298143671649,34180952
2021-02-02,869.1991577148438,875.6082351731134,837.2214015345261,863.9861301874793,41470034
2021-02-03,871.38818359375,881.0243335187519,857.554427887479,870.3275152709535,30301696
2021-02-04,868.5220947265625,875.6081993096957,859.8111124753323,868.3866534338506,25626981
2021-02-05,868.2738037109375,877.7069402051127,866.5812949964159,871.1172947571725,20248046
2021-02-08,880.776123046875,888.6972004305863,870.6660182415897,872.4713450669083,21183400
2021-02-09,882.8973999023438,897.9948961529354,881.1597638793062,885.5152551213864,19604141
2021-02-10,891.08935546875,895.8059243068913,869.8761670362735,881.814282391384,21234156
2021-02-11,927.8286743164062,931.6651427302581,890.1639989701773,893.6618940174507,42539278
2021-02-12,921.46484375,937.8937722721672,909.6396062888572,927.7385398005773,30497029
2021-02-15,917.4026489257812,930.3562442810988,913.9724445678881,924.3759353313053,15791099
2021-02-16,929.5438232421875,938.5255683500038,918.4858688517324,920.6297689320974,21421660
2021-02-17,940.2633056640625,945.9953555067547,925.5268870227972,929.7695004811927,23742994
2021-02-18,933.244873046875,951.6145681859424,929.3632772705301,941.0531321070791,18646877
2021-02-19,938.9318237304688,950.0574695218014,926.745509641073,928.4155145358285,23403483
2021-02-22,906.3447265625,943.2647459186029,900.4096042931712,938.7964367473062,23804335
2021-02-23,913.2728881835938,926.5649977273687,908.8271426020757,924.3534067368045,25644108
2021-02-24,930.2208862304688,932.1390906998175,914.4914901976813,916.2291858661802,10807663
2021-02-25,967.8404541015625,971.2932222091624,935.637002954952,936.9910577541981,34855693
2021-02-26,941.4142456054688,963.123891576847,934.5989040579532,955.4962007136306,37481215
2021-03-01,948.590576171875,953.2394537638484,930.897848571293,952.4269850885058,17680764
2021-03-02,950.53125,961.3635079846885,942.9035601228561,957.7527951178306,17150760
2021-03-03,993.9055786132812,1001.9395335212855,951.0730007855624,957.3241328149178,31924461
2021-03-04,982.0578002929688,988.421750465709,973.8659000002634,983.9308776144062,21435754
2021-03-05,983.343994140625,998.3512343189884,971.7670178094675,973.0985088715871,25511666
2021-03-08,988.9407958984375,1007.3556183257853,978.5147413680846,978.7403773670584,19506841
2021-03-09,988.918212890625,999.1863226399736,968.8560080852714,992.9577540495018,15154484
2021-03-10,984.8109130859375,999.7730267712369,979.5301951697431,996.1171267701603,11519358
2021-03-12,964.7938842773438,995.8463528292266,958.6104430105866,990.7010162557301,16864952
2021-03-15,951.84033203125,969.8940783739292,939.0221172112458,965.8997240046931,16698099
2021-03-16,948.0941162109375,959.5582754400099,945.7922708635552,954.1421160708194,13873801
2021-03-17,927.6707763671875,949.1773492874154,918.5310260738679,946.9431947370554,19210236
2021-03-18,906.7962036132812,940.9629894194235,903.1403030928562,935.591956651123,20647480
2021-03-19,939.6990966796875,945.9502287147974,894.9257507304794,898.6267780925764,41787429
2021-03-22,930.8526611328125,936.0882516774249,917.6734303772165,934.7342566902689,18572478
2021-03-23,942.1815185546875,952.2013688377597,927.9641819762402,930.6496682735799,17421165
2021-03-24,924.0375366210938,938.6836425321573,920.9232819612579,938.6836425321573,16822814
2021-03-25,898.8298950195312,927.0614969311192,895.9187129062007,927.0614969311192,22001648
2021-03-26,900.274169921875,908.8722746334809,890.818529006779,908.1049928320286,20180202
2021-03-30,915.9132080078125,924.7595715908199,898.8749446091667,906.2995626603248,20441701
2021-03-31,904.0880126953125,925.210945158364,902.2374989986004,910.8130997767836,16250796
2021-04-01,912.5507202148438,916.2291839450849,904.1105608753422,910.813084242052,11723312
2021-04-05,899.3489990234375,913.9725410564147,885.5829932474485,913.9499774544976,14875099
2021-04-06,895.602783203125,904.9230424620014,888.6971873373794,904.4942743627021,14009194
2021-04-07,903.9752197265625,923.8569756395913,899.664915309728,902.6889153894526,24266353
2021-04-08,905.1035766601562,912.6184496390974,899.5294718287386,907.6536814191865,15369188
2021-04-09,894.5872802734375,905.5549215962554,893.6619935421585,901.989335355401,14037885
2021-04-12,862.5868530273438,885.2669107795369,857.6672125480122,884.1836789732539,20901482
2021-04-13,871.9072265625,875.8790770428972,865.610966973059,868.3867078045856,19411189
2021-04-15,877.5488891601562,885.0863247656745,863.4218084533044,869.4246806200028,19723716
2021-04-16,872.04248046875,880.0764346591261,869.4923760258712,874.07356246059,15656948
2021-04-19,858.3217163085938,864.9564895083129,853.0409979470431,859.3598210383852,18478808
2021-04-20,858.0734252929688,866.1298835841033,853.2440391612164,862.2934748740392,17203668
2021-04-22,860.4429321289062,864.076268326873,847.0380060050811,854.0564191309984,14490954
2021-04-23,859.517822265625,866.0848449417196,855.4557174605446,860.262540485022,11828857
2021-04-26,874.6378173828125,885.5378273951245,862.7448895453444,866.5813583165724,20846778
2021-04-27,897.566162109375,901.4251348981196,874.8184105130574,875.6082559520604,19992524
2021-04-28,901.47021484375,906.2996013229371,893.7297060704715,901.7184741400474,17122437
2021-04-29,913.543701171875,922.7737059327087,905.9837012820783,913.0246189844161,17412606
2021-04-30,900.2064208984375,918.9371927131189,897.0696030939774,906.5252433975188,19828769
2021-05-03,884.2063598632812,893.2106694861402,877.007436823715,887.3431780134558,23640186
2021-05-04,865.046630859375,888.1555160324492,862.5191497068099,880.121561842195,21849830
2021-05-05,866.6264038085938,874.9311213941457,861.1876811156937,868.0932764991574,12393609
2021-05-06,871.546142578125,873.3515291463112,860.5333143582229,867.4163469186785,14624666
2021-05-07,871.8846435546875,882.6717759114722,869.2894115930914,874.5926935213764,12288548
2021-05-10,869.3795776367188,878.6772726130321,867.0100416182049,875.1568139833493,13941237
2021-05-11,872.5165405273438,874.9537675806936,862.0678622246373,864.324640162575,13478264
2021-05-12,863.4895629882812,872.4036175039552,860.7138223730607,871.1398768410697,13177961
2021-05-14,874.3895263671875,876.5108030934095,860.2624453618109,870.2145443263449,13291616
2021-05-17,884.7930297851562,886.1921519936135,871.2752254332202,874.3895393110239,11873078
2021-05-18,897.2501220703125,903.8623311241566,890.2768357355067,894.1133042302491,12064918
2021-05-19,901.3573608398438,910.1134700489604,890.0512067367108,893.6619198826413,16317002
2021-05-20,896.0993041992188,907.6085916449601,894.1134087677735,901.7411000663334,11422532
2021-05-21,903.83984375,907.0217890570246,896.3700979084354,899.0781478980009,10785605
2021-05-24,896.2119750976562,907.1119838096187,894.5645936578591,906.2995151967815,8551760
2021-05-25,886.0568237304688,901.3348284850034,884.6350781454706,901.0640055897504,14780102
2021-05-26,889.1710205078125,893.4362569865272,887.0271801611135,891.4051749417887,7480204
2021-05-27,891.9017333984375,899.5294239766795,885.6506014850115,889.283937975624,26819294
2021-05-28,945.4762573242188,950.0799477100439,898.1753741090896,898.1753741090896,56469931
2021-05-31,975.0393676757812,989.2115769657272,941.0757172389948,948.7259715836556,59124142
2021-06-01,978.9209594726562,993.860450495012,968.8107952002592,977.6120318921522,28013832
2021-06-02,993.52197265625,997.2455637461187,973.5499623771119,973.5499623771119,24630162
2021-06-03,997.3131713867188,1015.5249208069228,991.1974809457165,1002.4358843892015,23974257
2021-06-04,988.6699829101562,1000.38234182816,985.8490553582253,999.6376236399614,14468646
2021-06-07,1005.3245239257812,1011.9141694726093,986.1875471509084,993.8604245557929,16336573
2021-06-08,999.5474853515625,1005.2118450214822,992.1228662072214,1004.9636453912932,9674735
2021-06-09,981.674072265625,1002.4358661639994,973.9786315641471,1001.5332028305284,11409161
2021-06-10,985.284912109375,1006.4980988117626,982.8250618353879,989.9788572705107,14155653
2021-06-11,1002.375244140625,1009.1011338517071,987.4063134106076,988.6745196444147,13762778
2021-06-14,1016.7555541992188,1022.8019971914159,994.1775627019242,1003.2133236938203,20332436
2021-06-15,1019.0653076171875,1030.3429509893165,1014.6719900296001,1024.0474438114227,15174215
2021-06-16,1001.6732788085938,1017.7292188167856,999.0689992893482,1016.7554817175181,10797349
2021-06-17,1003.507568359375,1012.2715613635339,987.315775310826,996.419402245226,15745975
2021-06-18,1008.0366821289062,1012.2715036865906,989.3311797612216,1007.9687553467284,29369026
2021-06-21,1013.29052734375,1017.9329096042337,996.4873342427861,998.0046053152495,12186448
2021-06-22,1008.08203125,1024.0474616919707,1005.1833424900376,1020.8769459855561,12871913
2021-06-23,998.8424682617188,1019.336948449686,997.1892837583877,1019.0652413259819,16653951
2021-06-24,975.3588256835938,1003.0321047923691,969.2444560255766,999.5220147850201,91461975
2021-06-25,953.1430053710938,975.3586564202433,942.5673927563485,975.3586564202433,55355022
2021-06-28,944.7868041992188,963.1299720367883,942.5222185353294,961.0918688993542,20277042
2021-06-29,945.60205078125,955.2039275943256,943.9262837366043,946.3720075153033,27144063
2021-06-30,955.9512329101562,961.3862145219897,947.0740283906408,949.4291830957576,19762858
2021-07-01,950.19921875,961.6127163035006,948.863085632743,959.2802038142157,12534407
2021-07-02,964.2848510742188,966.0286046961062,947.9345027993265,949.7688254664646,14086620
2021-07-05,973.8640747070312,975.3813457995719,965.3944913619939,967.6364346091955,11702287
2021-07-06,962.3599853515625,973.2752927037599,960.2765977537204,971.4863144110957,10070124
2021-07-07,955.6793823242188,963.6960603661638,950.2217589268929,963.6960603661638,10454892
2021-07-08,947.7760620117188,958.8046409163389,942.522218479792,958.8046409163389,11185460
2021-07-09,938.0836791992188,947.3685050042008,935.7738088550897,945.6926779563895,9037675
2021-07-12,943.9263305664062,951.8070963001355,939.5782970994512,941.9560942078473,8585292
2021-07-13,950.9917602539062,952.5090313833667,945.7152147930674,951.1276138236502,6717133
2021-07-14,944.7868041992188,954.2301252196338,942.6354298484742,951.2861518765445,8532544
2021-07-15,943.1337280273438,948.8631192701956,941.3899742142286,948.8631192701956,9448356
2021-07-16,956.7438354492188,957.808201493028,945.5114761829108,945.5794029707818,8828185
2021-07-19,950.6519775390625,961.9975465567177,947.6174355638851,951.1275248888638,8354449
2021-07-20,948.3194580078125,954.7509382666392,943.8809159970199,950.9010950356152,6741464
2021-07-22,960.5030517578125,961.9523961689722,950.2897739918685,959.7330950269046,7972397
2021-07-23,953.7092895507812,966.7306870173245,952.0561048845019,966.7306870173245,9937030
2021-07-26,940.6426391601562,960.6389323639107,938.0383595793566,954.7510454031105,12389668
2021-07-27,930.7462768554688,943.745031435626,924.8583903750485,940.6199201537044,10824523
2021-07-28,922.7523193359375,932.1050710097164,913.1957274047861,932.1050710097164,12897848
2021-07-29,929.95361328125,939.5328466147575,925.4923692829198,930.2933070796137,13765738
2021-07-30,921.8239135742188,936.6116474595756,919.9216040760916,932.1051183084293,11350608
2021-08-02,938.6724243164062,941.7975357253354,924.4734496016514,930.4293230086479,10925104
2021-08-03,945.5794067382812,947.051393415347,934.9132237953986,946.5984882609035,11817299
2021-08-04,952.8261108398438,957.468493410625,945.239695070289,948.5912889902256,13169800
2021-08-05,966.6400756835938,975.9474827845528,953.0525024475675,957.604315821072,21252078
2021-08-06,946.168212890625,972.3921457790564,941.5031281309346,964.6925186543999,16620987
2021-08-09,940.7783813476562,946.5078316871239,935.9548011334763,942.5221349162108,7494143
2021-08-10,945.7152099609375,957.0155553586313,939.238504866793,942.9750770172923,11919198
2021-08-11,958.963134765625,960.1859966454768,943.6092248291548,949.7462363911606,9184963
2021-08-12,955.8832397460938,962.994047792915,953.3921717385531,962.4052292074406,8137612
2021-08-13,971.8032836914062,973.7282353115995,955.181228214771,958.9630848706249,12780901
2021-08-16,984.4170532226562,997.7781437654177,963.8772277608733,973.4791039346753,21935444
2021-08-17,980.2276611328125,989.7162669243918,972.7998007947025,982.3111087496648,12658169
2021-08-18,984.0321655273438,990.4409443539315,974.9511803260805,984.6436264377176,10075860
2021-08-20,972.9808959960938,983.7376470917055,967.88554870858,970.6030393085123,9426282
2021-08-23,979.3670654296875,984.6435509846982,965.7568499022403,984.6435509846982,9854395
2021-08-24,989.0368041992188,992.7960183818575,976.309757502392,980.5898634682652,11864472
2021-08-25,997.5969848632812,1005.4778098902966,987.4063495975512,989.8068486851395,13380559
2021-08-26,1010.210693359375,1016.7553848783828,998.6839258042111,1000.0427010414176,18589616
2021-08-27,1008.829345703125,1015.7817181947378,1003.6887734868195,1013.1773788430729,10480636
2021-08-30,1028.23681640625,1030.7732288164937,1013.0867479284576,1019.0652631807153,14027062
2021-08-31,1022.7565307617188,1034.351165067264,1015.5550939662595,1031.2486961976206,26485463
2021-09-01,1026.8101806640625,1038.495504793424,1024.9532755584123,1029.482446811587,11145486
2021-09-02,1039.1748046875,1045.2438888621152,1021.32982832915,1021.32982832915,9956770
2021-09-03,1081.7943115234375,1084.7382844176575,1042.8433961232756,1046.2402142010292,30664428
2021-09-06,1098.5977783203125,1123.2365131929273,1092.4380047519112,1092.8909697996994,33641710
2021-09-07,1105.52734375,1113.272195169168,1092.4379602260194,1100.5904921516135,17349882
2021-09-08,1101.2020263671875,1111.4606486919852,1090.0149514607642,1110.554838373318,14301651
2021-09-09,1098.5977783203125,1104.145971203985,1094.2950296674799,1099.6394421897962,8963249
2021-09-13,1074.117431640625,1101.9492019199529,1072.5322338327235,1101.9492019199529,16311160
2021-09-14,1072.71337890625,1084.2853708994928,1071.6036685532943,1075.6799942004575,8908356
2021-09-15,1077.1746826171875,1085.0780298856923,1072.7360805602518,1072.7360805602518,9071075
2021-09-16,1099.7752685546875,1103.6476943262978,1072.0567074838173,1078.6466838742622,13448882
2021-09-17,1082.722900390625,1112.2984866148895,1075.9517858407112,1107.837242193017,34882133
2021-09-20,1084.444091796875,1095.3140549772365,1073.415512979037,1074.3666078022443,11779819
2021-09-21,1089.131591796875,1094.5212880350991,1079.756139177186,1089.2674453507248,9915736
2021-09-22,1100.817138671875,1106.0255780999046,1086.210482648724,1090.6264428510565,10995912
2021-09-23,1127.7203369140625,1130.9360171926044,1107.6107744419755,1108.4713001643795,15748397
2021-09-24,1124.45947265625,1134.7633806837368,1119.6133090277006,1133.9028547927087,15192163
2021-09-27,1143.36865234375,1145.837138258342,1121.1078331879216,1126.4069614315592,15373834
2021-09-28,1154.0574951171875,1161.689135216267,1138.092065214608,1147.6939414575027,18035258
2021-09-29,1144.90869140625,1163.9991145771864,1141.3758992926414,1163.9991145771864,9719875
2021-09-30,1141.0135498046875,1147.965922997723,1132.4534560345573,1143.6178894191034,13590654
2021-10-01,1143.029052734375,1150.3210597794448,1130.0303565325742,1133.178110444469,8958928
2021-10-04,1157.7261962890625,1166.1957202690803,1149.0754144086845,1156.2994941506686,10918552
2021-10-05,1181.7535400390625,1183.021746414647,1153.7405072590436,1157.2506571555696,13533634
2021-10-06,1159.40185546875,1186.6221652780882,1155.438860897584,1186.6221652780882,10258881
2021-10-07,1165.0860595703125,1177.0204479976474,1162.9573276219362,1175.3219190109808,6336665
2021-10-08,1209.8570556640625,1215.8129290316733,1169.207605953432,1170.906015220909,15772493
2021-10-11,1201.4326171875,1231.9366542030143,1198.1263679197398,1223.5124154081877,14768666
2021-10-12,1208.2943115234375,1215.1787568517786,1196.269354160262,1197.9678831315707,6682011
2021-10-13,1220.5911865234375,1231.7103344750674,1208.9737889938256,1213.3671067441883,9959762
2021-10-14,1223.0594482421875,1230.7817769408248,1217.0809330176019,1223.036805981498,8623469
2021-10-18,1226.3206787109375,1243.2597273294034,1205.8034336758178,1208.656838063519,13594479
2021-10-19,1237.3038330078125,1246.1357531841286,1226.501796349313,1233.6578296621897,8833409
2021-10-20,1223.0594482421875,1242.2405578545067,1219.0285268378586,1242.2405578545067,12710570
2021-10-21,1187.7772216796875,1235.5600608138357,1179.0358711096487,1235.2883536749923,20831669
2021-10-22,1189.9964599609375,1206.9809106504802,1182.7950231580921,1186.6448064236538,11027475
2021-10-25,1178.40185546875,1213.8201056097269,1163.9990998346134,1213.8201056097269,17198417
2021-10-26,1205.2371826171875,1208.7926167498356,1179.013250231775,1185.3315195274101,9750178
2021-10-27,1189.9964599609375,1212.3706072222662,1186.6221641632774,1201.1382490708493,9896298
2021-10-28,1176.9525146484375,1194.7748510901267,1173.283988789091,1186.6449607541927,9886181
2021-10-29,1148.7132568359375,1175.843002928945,1133.0649360229452,1175.843002928945,14233025
2021-11-01,1149.4150390625,1157.6581394917466,1129.6224692481335,1148.7130092033958,15481114
2021-11-02,1132.6571044921875,1154.0348738636576,1130.143454028727,1152.6760985535552,10569130
2021-11-03,1124.866943359375,1141.3531452072293,1114.6309640383438,1135.0348760961226,11989430
2021-11-04,1131.7740478515625,1134.5142410032367,1127.7657681126252,1129.101781492045,1705656
2021-11-08,1133.1778564453125,1141.3530297583548,1112.5474040608012,1141.0812028496898,20337183
2021-11-09,1142.123046875,1145.384011549245,1126.429444729638,1134.5593339553402,15682497
2021-11-10,1154.8953857421875,1158.56403111527,1133.9479393972968,1139.8585280650227,10253470
2021-11-11,1157.001708984375,1164.2256700804603,1148.3962102537944,1150.4343736058293,10722478
2021-11-12,1174.46142578125,1177.0204805624614,1158.1110771767962,1160.783343266853,8712341
2021-11-15,1167.5318603515625,1178.583081524526,1163.9990683781703,1177.586582367733,4803269
2021-11-16,1140.4019775390625,1166.2635115241296,1130.030145313062,1164.9273785910239,11337581
2021-11-17,1115.9898681640625,1131.819326460902,1114.631092727357,1131.819326460902,10202029
2021-11-18,1120.201904296875,1127.3127730233773,1109.6715745881545,1114.1781038166205,8505625
2021-11-22,1070.5848388671875,1109.1961291306902,1064.8101030658254,1103.353466536403,24124307
2021-11-23,1080.59423828125,1087.5692534410966,1045.7875684738456,1056.6801744196864,25326999
2021-11-24,1064.9912109375,1091.4868494573443,1061.4357769402945,1077.9446209027212,16820296
2021-11-25,1129.1016845703125,1133.2006528139436,1067.5954770563671,1074.7742721480843,42401936
2021-11-26,1092.7098388671875,1122.149452357917,1087.6824179851199,1117.7108501017365,15763138
2021-11-29,1105.799072265625,1132.2948314861248,1086.5953193762673,1104.7121238946838,24325354
2021-11-30,1089.4486083984375,1121.3793456985663,1081.9528225027632,1117.8012696969345,32172299
2021-12-01,1117.3485107421875,1120.5189065172979,1098.3711810133602,1101.9492572911422,10104610
2021-12-02,1124.5272216796875,1130.5736640269113,1114.9027029403865,1118.571348380323,12720411
2021-12-03,1090.739501953125,1131.6153710496726,1087.0029299803193,1131.5700865288095,19222481
2021-12-06,1070.06396484375,1098.326063585159,1067.5955985919252,1094.2498569399281,10332254
2021-12-07,1078.782470703125,1088.814549469748,1068.8862454989733,1076.2008936152106,11235122
2021-12-08,1095.2008056640625,1101.405743762558,1089.8563933091182,1097.9183562650253,8744178
2021-12-09,1112.5701904296875,1120.9265028973477,1098.3259314492311,1102.8551026436394,13213547
2021-12-10,1113.70263671875,1116.8956751250603,1100.7491053819138,1105.232992429202,8364414
2021-12-13,1091.373779296875,1120.564329866256,1088.8147242582452,1120.292622697696,12901733
2021-12-14,1078.0126953125,1089.7206627192115,1074.9555104415622,1077.9447685198427,12991523
2021-12-15,1074.8648681640625,1089.2676234327396,1069.38448219365,1079.7563157042177,9366969
2021-12-16,1088.7691650390625,1094.023007574745,1072.8038571070083,1089.5844061394005,9761279
2021-12-17,1060.03173828125,1090.6263454753455,1050.7694958949853,1086.1198166210095,21049821
2021-12-20,1031.4527587890625,1049.7958677716224,1017.7519129116022,1049.7958677716224,14325846
2021-12-21,1046.8065185546875,1062.5454064146618,1038.1784989493156,1046.8518030785813,12836561
2021-12-22,1071.6490478515625,1074.276029474332,1051.6754577350616,1052.988828746117,17658543
2021-12-23,1071.26416015625,1077.944705915956,1068.0031950967277,1075.2271551661324,9072401
2021-12-24,1074.68359375,1083.3795393185057,1058.7181649806878,1073.4153876003008,7886494
2021-12-27,1073.52880859375,1077.038958550713,1063.4967281365457,1069.5884556164642,4017223
2021-12-28,1086.2783203125,1089.1996512774408,1074.7968966086662,1075.9517717574063,6374613
2021-12-29,1088.1353759765625,1095.6085205634522,1078.8957755234705,1082.926817028114,15425312
2021-12-30,1068.478759765625,1089.245070757408,1062.3643899373753,1087.003127167027,29333171
2021-12-31,1072.5775146484375,1079.710904759357,1068.8862272626782,1074.7741732718725,9477290
2022-01-03,1088.74658203125,1090.6036067166367,1070.4940456132024,1071.150790940942,5421611
2022-01-04,1113.3175048828125,1114.6309956772857,1088.81462402871,1094.2044407783767,10847728
2022-01-05,1118.5260009765625,1121.8776545605729,1101.9265882823174,1115.0838981501056,11643813
2022-01-06,1094.47607421875,1111.4605249543165,1091.0791361515087,1110.1923187691705,14447422
2022-01-07,1103.30810546875,1113.2949007403674,1092.2342419850618,1101.020877531252,13112115
2022-01-10,1104.2139892578125,1112.819487274749,1094.2724778501188,1110.554901449293,9246731
2022-01-11,1112.1627197265625,1120.9492358826358,1102.8551919025351,1103.3081569787676,16205164
2022-01-12,1141.851318359375,1143.595131948247,1116.4426269818646,1119.2960312179016,14800442
2022-01-13,1148.28271484375,1150.8644117443653,1136.0992618786104,1141.9192812349345,11856712
2022-01-14,1149.9586181640625,1162.7761757448827,1144.0027445379585,1148.1469975068374,19930176
2022-01-17,1155.959716796875,1161.7344520199854,1149.0527486713804,1149.5057137125311,8036453
2022-01-18,1142.16845703125,1160.5342073047743,1139.4282640408564,1157.0921041700744,6215029
2022-01-19,1142.077880859375,1151.3173615953267,1136.3710722869748,1145.882379974198,9755485
2022-01-20,1122.08154296875,1136.8014098425185,1111.913489734347,1132.3175229917704,16494486
2022-01-21,1122.2626953125,1133.3139167394952,1110.5548482538704,1110.5548482538704,13338594
2022-01-24,1076.993408203125,1134.4460429942571,1066.6668610593797,1120.971622898134,21868937
2022-01-25,1074.8875732421875,1081.8624687571998,1043.9758512681215,1064.1533431011624,24510205
2022-01-27,1058.96728515625,1067.1198169153088,1046.7159051568356,1058.0161903944513,20020431
2022-01-28,1057.9482421875,1076.087568078922,1054.5740661673967,1071.1508364816766,14667727
2022-01-31,1080.9339599609375,1089.9017336429354,1067.1651879580827,1068.9769283849403,12143683
2022-02-01,1077.3558349609375,1096.333045361315,1063.0436492942567,1090.6263567842825,13200509
2022-02-02,1079.552490234375,1090.1733881906252,1075.725349000261,1090.1733881906252,10017691
2022-02-03,1065.6026611328125,1087.659819731054,1063.0890104902376,1083.3797131393435,9572839
2022-02-04,1055.887451171875,1063.655064440526,1051.2677111603737,1060.280768575064,11061241
2022-02-07,1049.4561767578125,1067.4370085401163,1043.9757907846413,1060.7338205814565,10714467
2022-02-08,1067.09716796875,1068.8862659765236,1046.240291320876,1055.5931024543218,12060849
2022-02-09,1079.5299072265625,1081.2056742872649,1067.9805561051007,1073.9363098694528,11486225
2022-02-10,1078.4202880859375,1085.0554293647551,1071.1962083846827,1085.0554293647551,12464491
2022-02-11,1076.314208984375,1079.982854527415,1061.6849113374171,1074.887506839841,15943370
2022-02-14,1059.1712646484375,1066.599124811997,1047.5991516117767,1059.9412213800138,10719633
2022-02-15,1095.1329345703125,1097.8278430466569,1057.880422222606,1064.9006018983252,11212671
2022-02-16,1092.8682861328125,1101.9492706042658,1085.16871921443,1100.5904953127101,10392840
2022-02-17,1106.7049560546875,1111.8682307103675,1091.5322435754686,1096.106699582626,12853252
2022-02-18,1098.0543212890625,1112.5476464311962,1096.129369451274,1107.1126644779383,6775458
2022-02-21,1086.957763671875,1103.9875007758346,1080.0281530233087,1092.4380298945582,11107193
2022-02-22,1082.02099609375,1085.1462276183765,1063.0664255657716,1065.6706454025614,13494914
2022-02-23,1075.2498779296875,1089.9697459260428,1072.5098045121515,1087.5013796836981,7310110
2022-02-24,1021.6695556640625,1059.7827129241718,1016.0760782454672,1043.975778151862,24846650
2022-02-25,1034.4420166015625,1045.3119804850721,1030.954508957098,1032.698202879161,14570089
2022-02-28,1068.682373046875,1072.2151647642706,1015.8948766365417,1015.8948766365417,21297446
2022-03-02,1086.3463134765625,1087.4560239699686,1054.9364629191114,1057.3142599474093,21471786
2022-03-03,1077.1746826171875,1093.7288113845136,1073.4381104672327,1087.002981514595,10186748
2022-03-04,1053.2833251953125,1070.833834303542,1050.928170459011,1065.7158442994964,10805667
2022-03-07,1014.33251953125,1047.1917178849474,1006.3837665616244,1032.0641687706516,17983310
2022-03-08,1012.4979248046875,1017.2536381523959,987.361002125067,1001.6279025675499,21289374
2022-03-09,1066.214111328125,1072.0567736389658,1011.8865764630572,1012.724579802494,20414228
2022-03-10,1083.4927978515625,1089.267532756051,1068.8862634347242,1087.0029472759036,17980493
2022-03-11,1086.617919921875,1091.9850941858494,1076.1555181267943,1076.1555181267943,12257423
2022-03-14,1095.5404052734375,1098.0541754406872,1075.2270625884603,1081.0697243173254,8340678
2022-03-15,1070.448974609375,1099.6621674892272,1060.2129940392667,1099.6621674892272,15925769
2022-03-16,1088.5203857421875,1090.581191192119,1076.6312801930274,1078.850581492875,11149828
2022-03-17,1124.0064697265625,1131.1172183134404,1093.8420644373464,1101.8361008572806,21422098
2022-03-21,1117.5296630859375,1125.0480919172617,1104.6668219311773,1106.9314074851866,11999466
2022-03-22,1146.4031982421875,1148.124249688356,1111.2794206216663,1114.2232739689239,22557065
2022-03-23,1150.0491943359375,1161.666592238369,1142.7120228084564,1142.7120228084564,15462187
2022-03-24,1167.916748046875,1170.4078760728964,1136.8240104486479,1136.8240104486479,13168266
2022-03-25,1175.70703125,1184.833300668766,1167.169460657995,1169.660588741769,14222488
2022-03-28,1187.5283203125,1191.060992805179,1171.4723190412603,1182.1158606493575,9891424
2022-03-29,1187.7998046875,1194.7973413665754,1180.9381215710694,1194.7973413665754,8684065
2022-03-30,1210.626953125,1217.4433519238278,1185.3314742474283,1195.6580225208536,15811550
2022-03-31,1193.3255615234375,1209.1551399202813,1190.5402036058347,1207.003765404827,13223718
2022-04-01,1202.882080078125,1207.094259791017,1187.55087204633,1193.8916640782966,7922880
2022-04-04,1206.4375,1211.555489970758,1196.45070474843,1202.7009276541294,7929162
2022-04-05,1189.3851318359375,1209.2456310104756,1186.9620503043643,1200.7307025551163,13149870
2022-04-06,1186.21484375,1193.2123818265243,1171.7441602323938,1171.7441602323938,12257215
2022-04-07,1165.289794921875,1180.3040094861121,1162.6401712692125,1175.3671581453982,15496499
2022-04-08,1184.6748046875,1188.9096265891387,1159.4698932414146,1159.4698932414146,15152495
2022-04-11,1182.206298828125,1195.0464967892808,1169.886872844364,1177.5864392090166,9254209
2022-04-12,1159.9456787109375,1178.7643968010725,1157.3866234467262,1171.6988117922874,13217742
2022-04-13,1155.68798828125,1174.2349955581562,1152.9025109003892,1166.0371790472568,10354235
2022-04-18,1152.1551513671875,1159.3792305452218,1142.1683569783831,1147.2410619855225,9974224
2022-04-19,1196.065673828125,1208.385101413979,1155.4163428280708,1158.564096562945,26141820
2022-04-20,1231.234619140625,1238.2775602010167,1199.8247720277507,1203.4481327307994,25072240
2022-04-21,1260.06298828125,1263.1880996959114,1237.3717275306717,1245.9319403276972,21708633
2022-04-22,1249.510009765625,1269.0760391912017,1242.8973909745034,1249.5552942902013,15054154
2022-04-25,1220.6138916015625,1249.3288344946673,1206.41491600151,1242.0822318802027,17063215
2022-04-26,1257.1416015625,1265.9055943331985,1226.3658564890222,1227.4075203143414,12227666
2022-04-27,1258.364501953125,1280.8518611647926,1247.8114113086813,1248.1738072854712,19338945
2022-04-28,1277.16064453125,1291.269050141953,1261.874601680994,1272.6767577965609,25614076
2022-04-29,1263.75439453125,1293.6016912062303,1257.8890896131295,1293.6016912062303,18214862
2022-05-02,1259.315673828125,1270.6612443033114,1249.1702630612974,1250.9593611931234,9467006
2022-05-04,1220.0023193359375,1263.6410258882418,1212.1442565160846,1261.3764403153348,19247660
2022-05-05,1196.11083984375,1236.4658174286478,1192.079918457506,1233.5218443509423,17210669
2022-05-06,1186.9393310546875,1204.3087009820067,1174.6651887519583,1183.112189870724,19649948
2022-05-09,1140.5831298828125,1176.2730823033007,1135.465140485421,1166.2408838499182,18083752
2022-05-10,1120.813232421875,1144.3423749690376,1113.2721615832613,1130.0301899582084,19511677
2022-05-11,1109.3319091796875,1125.478478168712,1096.9445548183617,1119.9075231154202,16643899
2022-05-12,1086.731201171875,1102.7870793042052,1073.4153958980505,1099.4581878859078,20490321
2022-05-13,1099.05078125,1122.3307441195866,1093.9554328827494,1098.779074062543,19308778
2022-05-16,1099.3223876953125,1123.6892942266647,1094.54403200538,1102.6059947530612,13437911
2022-05-17,1145.4974365234375,1150.36636198311,1101.4964484721288,1102.9005084688652,16551828
2022-05-18,1149.6641845703125,1163.9990123371506,1136.0313867118257,1150.2530031709177,17276788
2022-05-19,1123.16845703125,1137.956250241304,1116.918234266966,1125.0481241931686,14699118
2022-05-20,1188.660400390625,1197.6961004424857,1133.2006360812218,1137.956229855782,21793091
2022-05-23,1180.7117919921875,1201.8403770570499,1174.4161648907582,1191.8534622113486,15252755
2022-05-24,1184.7652587890625,1194.7973375363194,1176.5448004718992,1180.7569797022973,13527818
2022-05-25,1183.0216064453125,1203.2670225299603,1178.2658929997126,1193.4387237828619,12714544
2022-05-26,1171.743896484375,1193.393371125466,1154.0347740615534,1188.6376579513867,17882023
2022-05-27,1166.3089599609375,1179.9191164627784,1150.4568600156867,1174.4388502012214,16521973
2022-05-30,1206.9356689453125,1211.1024440039564,1174.959644745959,1184.3802630005096,13853398
2022-05-31,1192.374267578125,1213.2764285050255,1184.6973432373502,1196.337262181718,70620653
2022-06-01,1192.75927734375,1202.587575606305,1184.9237375655662,1193.1215535044294,9776989
2022-06-02,1233.88427734375,1237.5755649319342,1192.98576447725,1192.98576447725,22126569
2022-06-03,1258.8853759765625,1276.0283243723425,1241.9009234208313,1242.8068535360608,23939791
2022-06-06,1253.4730224609375,1274.5110388345443,1246.3395117355965,1259.1119042533815,11093152
2022-06-07,1255.828125,1264.139152836091,1246.4527910651425,1254.5372764842177,12358255
2022-06-08,1233.7711181640625,1259.564728048269,1230.260968517713,1255.8281557796806,12479250
2022-06-09,1267.60400390625,1269.5288357275542,1227.4075206691546,1227.4075206691546,17278305
2022-06-10,1229.33251953125,1263.5957731905057,1223.5577842447772,1255.4432409626409,18093057
2022-06-13,1206.074951171875,1210.5588374187555,1184.9690106078476,1200.2324095352897,17620803
2022-06-14,1190.3134765625,1210.1286894158018,1183.6782159302647,1200.2551062805883,14714312
2022-06-15,1175.910888671875,1194.4805402025763,1170.5211912252462,1185.5354082981676,11195535
2022-06-16,1159.4698486328125,1204.331357067944,1156.752298028243,1188.0036507794862,17111475
2022-06-17,1173.0574951171875,1188.8416691150956,1157.7036439406018,1159.469980153735,24457187
2022-06-20,1151.79296875,1185.331550638825,1141.8513382748356,1179.851164692969,12066797
2022-06-21,1170.38525390625,1174.5973137201734,1145.112415821389,1159.4698864092793,11720049
2022-06-22,1134.8310546875,1158.6998308652678,1132.747607320494,1158.6092618232658,10617206
2022-06-23,1116.4197998046875,1143.6175847906034,1107.384101087392,1139.1110565611707,19446323
2022-06-24,1132.3175048828125,1137.2768791745684,1117.8014186070498,1123.2365200121847,14240234
2022-06-27,1128.9658203125,1152.6534598644344,1123.9383995696694,1152.6534598644344,15474529
2022-06-28,1144.840576171875,1147.67133814574,1124.187598454475,1124.187598454475,13572847
2022-06-29,1168.59619140625,1176.2279518820312,1132.7477384681235,1135.555858296585,19205146
2022-06-30,1175.6163330078125,1184.7878859438251,1162.1873163749465,1168.5281075997498,23112959
2022-07-01,1090.943359375,1173.9631898181497,1071.150907551117,1166.2183382001654,81997149
2022-07-04,1093.2078857421875,1106.0254419629423,1071.648979247077,1077.4689986763794,41857728
2022-07-05,1102.0625,1116.3973279805082,1094.7478514073186,1097.42011751126,17647327
2022-07-06,1092.3699951171875,1106.0027924376789,1081.5679595799388,1096.106567126978,23943726
2022-07-07,1081.6131591796875,1102.0623535548807,1075.6799289511744,1098.733462298577,23301033
2022-07-08,1083.10791015625,1095.155510044553,1079.0995110804106,1095.155510044553,19010108
2022-07-11,1097.8277587890625,1100.046939975301,1073.4154479368833,1076.3594210782474,13847467
2022-07-12,1096.2650146484375,1104.9837222205626,1088.8145132177926,1088.8145132177926,10778989
2022-07-13,1076.8349609375,1102.4022679488555,1074.7742754785731,1099.3677256155834,14224132
2022-07-14,1085.712158203125,1102.3796184650857,1076.5632467388843,1081.5680252499114,16970315
2022-07-15,1087.818359375,1093.7968755659167,1079.348834704648,1093.7968755659167,9603210
2022-07-18,1097.08056640625,1098.3260107043704,1083.5155743058108,1096.5143900160117,15160908
2022-07-19,1103.8062744140625,1108.2901609105513,1087.1388148491112,1087.1388148491112,16439888
2022-07-20,1133.653564453125,1151.5438277746334,1126.0672081991272,1150.4115948025603,23924246
2022-07-21,1126.0897216796875,1132.2947793542016,1117.484344754926,1129.5772288514759,16523230
2022-07-22,1133.6988525390625,1139.6773678755283,1130.030207237111,1132.2947927493988,10969995
2022-07-25,1096.242431640625,1117.5522733397709,1088.361726850526,1117.5522733397709,23110452
2022-07-26,1096.74072265625,1106.886133119494,1092.143624721455,1096.5595845623452,11303288
2022-07-27,1095.6990966796875,1099.2317688342157,1087.908840568981,1096.0387306174957,8655086
2022-07-28,1112.86474609375,1117.7788361232904,1096.5143960795697,1103.3081533989875,12496073
2022-07-29,1136.5748291015625,1140.0396942059215,1115.989778235377,1120.8359411287292,15130683
2022-08-01,1166.19580078125,1172.038463313215,1135.7370437974075,1140.968245399228,15700044
2022-08-02,1170.6341552734375,1181.119198519279,1160.1717542868648,1165.1312476689257,13917913
2022-08-03,1180.462646484375,1182.1157712823,1162.8442104812696,1177.5865998850716,14250977
2022-08-04,1164.859619140625,1185.6259288355277,1148.1469933470867,1182.1157790494954,14467127
2022-08-05,1147.69384765625,1167.9845468317753,1144.5008098568317,1166.7164604960217,13942438
2022-08-08,1162.708251953125,1170.1361123075012,1146.3352600049257,1146.3352600049257,10165178
2022-08-10,1169.6605224609375,1173.0120563323646,1158.1336946618562,1167.1241099957583,10724688
2022-08-11,1173.5556640625,1182.0704726435374,1168.618812190309,1178.990645714219,8198226
2022-08-12,1192.5328369140625,1196.3146936661199,1169.5247047340195,1173.193230375856,12650587
2022-08-16,1200.8212890625,1203.5388398516432,1189.9513255065965,1198.511418811862,6607378
2022-08-17,1207.0941162109375,1212.4158859762824,1202.7460834374597,1207.0261894301318,6595965
2022-08-18,1209.2833251953125,1212.7820913718717,1199.6955520359063,1208.6925853891362,7410035
2022-08-19,1187.7220458984375,1209.4648732471105,1183.677852607992,1204.148456169832,9460724
2022-08-22,1184.4276123046875,1195.6511862435966,1175.0671220726035,1189.1534098834666,9471680
2022-08-23,1202.694580078125,1205.6027266806439,1177.4982950302235,1178.7024907985585,9678484
2022-08-24,1199.490966796875,1213.2365143204822,1197.4917062121833,1199.6500999587201,10369622
2022-08-25,1195.9923095703125,1210.0103318429638,1191.6982378249359,1203.6715670494066,7871946
2022-08-26,1189.6077880859375,1204.1485194816453,1184.6095168359632,1196.4237108559755,10742038
2022-08-29,1180.3609619140625,1206.4205794013706,1171.4547933496005,1174.6128173581192,19838975
2022-08-30,1198.673095703125,1201.9902529871206,1170.795945790086,1187.790382333822,23139054
2022-09-01,1163.4346923828125,1183.6780172121637,1159.0270403092493,1173.5450568236956,19909939
2022-09-02,1149.84814453125,1170.2277638288456,1147.6670348863252,1163.4345573963137,12999345
2022-09-05,1167.7060546875,1173.0224725362493,1150.0754462865928,1150.0754462865928,11327815
2022-09-06,1179.997314453125,1184.1550886922698,1168.705591439244,1169.1600343727337,10899618
2022-09-07,1173.135986328125,1179.1112920563703,1167.7968526449285,1170.0688269822717,7488501
2022-09-08,1174.79443359375,1180.5198614611618,1168.2512248209334,1176.0894937430355,7057077
2022-09-09,1167.478759765625,1185.972579330713,1165.0703685493695,1185.972579330713,8314850
2022-09-12,1180.542724609375,1186.8816091364133,1168.046804859231,1168.046804859231,7435419
2022-09-13,1190.403076171875,1194.9243089400052,1181.8832020191865,1189.607891122723,8888657
2022-09-14,1176.135009765625,1185.9726599528265,1169.046493026583,1170.0688394223355,8678219
2022-09-15,1164.4798583984375,1183.041828116281,1161.776157155841,1173.7040529111878,10365600
2022-09-16,1135.6256103515625,1160.0721402601105,1131.8995628990685,1155.8689337357673,20217708
2022-09-19,1137.1025390625,1146.3040180403946,1127.5147655140897,1135.6257495827476,7580254
2022-09-20,1137.2841796875,1153.119972213298,1133.5808482063046,1146.1903481529216,8411448
2022-09-21,1140.419677734375,1150.9843653188254,1133.7173348356014,1134.5125199123227,9207309
2022-09-22,1129.673095703125,1137.3523524884633,1123.3116153435435,1129.6276634257686,10308170
2022-09-23,1108.498291015625,1134.1488981287762,1106.9533532004177,1129.1733426023927,9528051
2022-09-26,1080.257568359375,1098.6379294477279,1079.257938059937,1087.845960638479,12479523
2022-09-27,1088.8455810546875,1102.3638454814661,1072.4191704410875,1087.8231145473603,16154822
2022-09-28,1059.8551025390625,1080.5528678614462,1057.4241154049128,1072.5327497220442,16997059
2022-09-29,1056.6063232421875,1075.7817488504493,1051.0171916607421,1072.3738473223364,14671827
2022-09-30,1080.4393310546875,1091.458340177691,1050.108360317172,1050.108360317172,18613024
2022-10-03,1076.6905517578125,1098.251530811662,1073.7369732258553,1086.687214378407,11852723
2022-10-04,1096.5474853515625,1098.7285948569065,1086.073664575446,1089.5498341414104,8948850
2022-10-06,1100.591796875,1113.269446039468,1098.7969814617613,1103.7272251000825,13352162
2022-10-07,1105.2493896484375,1110.4976589700225,1097.2065545320427,1097.2065545320427,7714340
2022-10-10,1093.1851806640625,1098.547030597458,1085.0969133921378,1092.8216022630288,6329527
2022-10-11,1071.4195556640625,1096.911150105876,1068.329679997323,1096.911150105876,9215177
2022-10-12,1079.3033447265625,1082.2342073300697,1064.6944639855953,1068.7386577474495,7417103
2022-10-13,1082.7340087890625,1087.8231445652352,1072.419200033899,1077.5538882747444,7328492
2022-10-14,1077.2357177734375,1097.9789154976827,1076.508681223135,1097.3654596284905,9106089
2022-10-17,1094.525634765625,1096.9111900194368,1064.9218171343564,1070.1019383497958,16729355
2022-10-18,1113.83740234375,1119.1765361724479,1099.7056807153497,1100.5462980220425,12415820
2022-10-19,1133.21728515625,1148.6440655761994,1109.4977929604431,1115.314085328947,19247142
2022-10-20,1136.2618408203125,1144.6227018334394,1129.173323936751,1129.173323936751,8717053
2022-10-21,1123.084228515625,1143.6229813098248,1120.994103570685,1139.4879233106462,8243452
2022-10-24,1126.8330078125,1137.1251004905544,1115.6777019334577,1117.81325918146,3370033
2022-10-25,1109.4298095703125,1135.5348605120162,1107.8167232856267,1135.5348605120162,12233241
2022-10-27,1113.7918701171875,1121.6529753517277,1105.4537260220727,1116.90446154382,12513059
2022-10-28,1147.87158203125,1151.8929390234955,1117.5633290375395,1120.085180684718,17609592
2022-10-31,1158.5272216796875,1163.6846262416873,1150.62068370947,1154.6194450652783,12419943
2022-11-01,1149.5528564453125,1181.428644108962,1139.6243422706675,1181.428644108962,13963166
2022-11-02,1156.7322998046875,1158.7998289194838,1142.8051438822936,1150.666129478395,8981896
2022-11-03,1161.0491943359375,1163.0485752218901,1147.3719146666933,1149.5530246719463,6693449
2022-11-04,1178.13427734375,1181.4285977846682,1159.2087315278548,1160.4809553181105,12575815
2022-11-07,1184.4276123046875,1186.1089669253427,1169.6144081491448,1177.3390962233107,11789748
2022-11-09,1183.246337890625,1191.4027533204435,1176.9074538352093,1186.1090519678319,11254205
2022-11-10,1168.9329833984375,1179.8611290593667,1164.616195791804,1176.8848340514855,5966242
2022-11-11,1195.878662109375,1197.787058206641,1175.9760787775724,1181.428793587036,12310132
2022-11-14,1190.085205078125,1200.5135968204079,1183.769035949459,1195.4016235871597,9043112
2022-11-15,1184.745849609375,1193.4247362453084,1176.8847439241665,1191.5617725862496,7086433
2022-11-16,1177.95263671875,1188.6763362500183,1172.954245151571,1185.972635134196,9716161
2022-11-17,1180.9971923828125,1187.3359568517499,1172.3409009131724,1174.5901593039591,6661451
2022-11-18,1180.3609619140625,1185.518366679259,1168.2967693410817,1184.495900066872,5303197
2022-11-21,1159.1181640625,1175.9761852769823,1155.5738450293197,1175.9761852769823,6390268
2022-11-22,1165.547607421875,1167.1152613187112,1152.5746494360667,1156.4369938334312,6611488
2022-11-23,1161.91259765625,1171.3867910548404,1159.731487519947,1170.0690144783027,6413408
2022-11-24,1171.9320068359375,1178.7024981272687,1157.8911489931052,1165.9794167577484,9389439
2022-11-25,1189.4261474609375,1192.7431844497548,1173.295044904841,1176.430472976704,7349922
2022-11-28,1230.2991943359375,1236.4335137804842,1136.8981171457083,1185.4730378039467,31527484
2022-11-29,1232.4119873046875,1241.2500078770877,1224.1419904117938,1228.6632233258865,11058913
2022-11-30,1241.1136474609375,1247.5206802015884,1226.0504438987869,1232.54834119291,26164986
2022-12-01,1237.455810546875,1251.8601266305577,1234.1387734132652,1245.862104269674,9485801
2022-12-02,1236.93310546875,1248.6792715763747,1227.1408877532265,1240.5001400003844,11589592
2022-12-05,1218.8936767578125,1234.4794719283639,1216.871700030192,1232.3210781772725,14828536
2022-12-06,1222.4151611328125,1225.5050364637573,1209.146773966004,1211.0098577338963,8594245
2022-12-07,1204.3758544921875,1224.5964643493226,1200.5816581384124,1220.052515180835,8462111
2022-12-08,1203.8076171875,1210.9644019630948,1199.6499633297894,1208.6924277820037,7757008
2022-12-09,1185.5638427734375,1208.6925984914808,1182.2694016212881,1202.3309977712286,12655763
2022-12-12,1187.38134765625,1191.8798642806923,1174.6128344148897,1174.8401159938364,9479842
2022-12-13,1192.7886962890625,1196.4237590933476,1184.473147579326,1187.381293975718,8333348
2022-12-14,1188.4720458984375,1199.1275984061572,1186.4272326920325,1198.5368585654778,7268947
2022-12-15,1171.5911865234375,1188.2447615787812,1168.2514331327313,1182.5648851623062,8688551
2022-12-16,1165.7974853515625,1189.9714223850988,1162.412300039899,1168.2513090093973,15837349
2022-12-19,1181.110595703125,1183.246273075343,1166.2972711057284,1172.7951677670053,7729933
2022-12-20,1191.3345947265625,1193.242990634255,1165.9792991040035,1174.1129983269077,7467588
2022-12-21,1174.3857421875,1196.423883640869,1170.5688296926967,1190.9711686756098,8527550
2022-12-22,1171.3411865234375,1183.541675654874,1166.3200787009303,1180.5199485444361,7451122
2022-12-23,1136.9888916015625,1177.112082738486,1132.4676588679463,1164.7524600759673,10257115
2022-12-26,1146.91748046875,1155.073896863254,1132.5358801607608,1142.6916774565434,5990242
2022-12-27,1156.3006591796875,1158.1636228081527,1142.9186909584178,1149.6210331376262,5763271
2022-12-28,1156.18701171875,1158.6179988266933,1145.7586226936976,1153.2561494312388,7459393
2022-12-29,1155.6646728515625,1158.2092411945277,1147.576404624278,1148.2580090394192,6930648
2022-12-30,1157.4366455078125,1170.97762738263,1154.6649160603042,1156.4824475075623,7289476
2023-01-02,1170.47802734375,1171.886668487962,1157.8912418023408,1158.7091430810406,5316175
2023-01-03,1161.91259765625,1169.1602486359825,1157.7095105638098,1165.547781216755,7658932
2023-01-04,1144.418212890625,1163.7300547153022,1142.3506838068283,1161.8896870062515,9264891
2023-01-05,1142.3734130859375,1152.5292093307505,1137.8067482537933,1146.6674842652508,13637099
2023-01-06,1152.75634765625,1157.7774553339088,1144.3046224842542,1148.0988183662998,6349597
2023-01-09,1179.9747314453125,1182.3376907366148,1155.6873320113693,1156.57338165,10722753
2023-01-10,1162.5260009765625,1184.1552520379166,1156.8915568565494,1184.1552520379166,8047142
2023-01-11,1147.87158203125,1162.344044167369,1145.5767715508584,1159.8449086559888,11509553
2023-01-12,1123.084228515625,1150.7569299071174,1120.0852177263125,1147.280880250268,17688773
2023-01-13,1121.266845703125,1123.675117069892,1106.2717897707075,1117.0863548772086,20618583
2023-01-16,1110.588623046875,1126.7423229514006,1102.8183808956273,1123.5842986583098,13623855
2023-01-17,1126.3560791015625,1128.2644751675343,1113.5421334042796,1116.9046027544262,10751000
2023-01-18,1124.4930419921875,1131.9451378363888,1117.9725482719243,1123.947854631307,13448286
2023-01-19,1123.2886962890625,1127.4236337375953,1116.290924928179,1123.674870576832,11940054
2023-01-20,1109.9295654296875,1124.6291897175156,1107.4758620574123,1124.6291897175156,14930286
2023-01-23,1104.3177490234375,1120.6305800710875,1101.9094778576764,1112.8150268033937,10954118
2023-01-24,1097.79736328125,1110.3840278353364,1084.801567826855,1108.7255092415182,16488755
2023-01-25,1082.620361328125,1097.2292417944516,1081.4617181061994,1096.2068953996695,12385018
2023-01-27,1062.081787109375,1084.8015319770323,1050.403768536496,1083.4611595770739,25830975
2023-01-30,1072.2601318359375,1077.7809941168787,1045.5643456626856,1059.5143365330093,21772103
2023-01-31,1069.579345703125,1084.9379802131518,1063.7403362487162,1082.3705756526113,22691594
2023-02-01,1063.240478515625,1081.438989315294,1047.3819702702858,1081.438989315294,19347800
2023-02-02,1057.35595703125,1066.920892525141,1050.1083077780725,1053.2890475640809,13662663
2023-02-03,1058.2874755859375,1067.3753725425988,1041.929212987467,1067.3753725425988,24699575
2023-02-06,1050.312744140625,1054.652247201578,1047.7454602358487,1051.9258301558875,14837879
2023-02-07,1047.7908935546875,1057.5603943899198,1041.9291690153093,1050.5627428744976,15135435
2023-02-08,1068.7159423828125,1072.3284093286718,1048.290888887822,1051.017186057536,21160332
2023-02-09,1070.5789794921875,1077.3040386110727,1060.559599329042,1069.3976200283605,13172763
2023-02-10,1061.763671875,1070.0563840638993,1054.7886158361225,1070.0563840638993,10790445
2023-02-13,1055.7203369140625,1067.8299624778901,1051.2672523692866,1063.3768779331142,10352493
2023-02-14,1080.598388671875,1082.3250555378218,1055.8565481440585,1058.7192622894795,14321920
2023-02-15,1105.0675048828125,1107.4531801088635,1078.2809718116707,1079.6440602664363,33503591
2023-02-16,1104.2042236328125,1119.5401413378127,1101.9322491792432,1113.019527781497,17264487
2023-02-17,1108.8162841796875,1112.1334412904273,1095.3661670147737,1099.6375221146495,11809520
2023-02-20,1097.093017578125,1113.1558521216361,1095.1390690194628,1110.9974583087273,8836937
2023-02-21,1106.0445556640625,1111.8152960708703,1096.161352929149,1101.4551746278107,13311592
2023-02-22,1080.9617919921875,1104.181409716533,1079.2124090771258,1102.34116225432,11024335
2023-02-23,1075.78173828125,1088.1640768500556,1072.9872927091903,1080.5529686414243,9851910
2023-02-24,1083.1429443359375,1088.800224148405,1076.0089953829322,1077.8265267799054,9434053
2023-02-27,1075.9407958984375,1085.8467152410444,1068.6024012348664,1082.3705449963543,11199715
2023-02-28,1055.356689453125,1075.55458156191,1051.3126158801917,1070.6016220746747,21994038
2023-03-01,1065.05810546875,1065.7851421281152,1055.6747773158893,1065.1035377480093,11551145
2023-03-02,1056.947021484375,1068.5796069332716,1054.9249246750653,1061.9226969308686,9333535
2023-03-03,1083.9154052734375,1087.5733043694927,1063.9902277008234,1067.443561368033,14643807
2023-03-06,1094.5028076171875,1101.7277412564927,1090.5495987349282,1090.5495987349282,10171916
2023-03-08,1098.4334716796875,1099.1832244435238,1083.7337262043,1094.5028585607813,15782657
2023-03-09,1072.032958984375,1098.2288726400263,1070.147279158801,1097.8199821583767,16235128
2023-03-10,1055.4248046875,1065.1034417835135,1051.9486346812796,1063.967514713159,13334091
2023-03-13,1038.0670166015625,1065.1035499544928,1033.7502288751577,1058.2876262665352,12771592
2023-03-14,1034.1820068359375,1047.3594118740934,1031.046698611293,1036.0222546404123,16027522
2023-03-15,1016.5057373046875,1044.3374508988734,1012.1208019221261,1037.8851067638673,21728555
2023-03-16,1011.4392700195312,1024.2077825786946,1000.6701381392561,1019.2095111682803,18363159
2023-03-17,1010.1670532226562,1023.2763079373278,1005.4413153341551,1020.0047033408911,34014213
2023-03-20,1000.238525390625,1008.7584596340857,990.5826039210764,1006.4864851819102,19524589
2023-03-21,1031.341796875,1033.2957451749278,1007.3951430408976,1008.2811925498517,21400360
2023-03-22,1034.4771728515625,1041.2249475152355,1031.47816188993,1038.294084967167,10920094
2023-03-23,1021.3905029296875,1031.4325970565128,1019.2321095372743,1030.5692637377854,16249370
2023-03-24,1001.1699829101562,1022.3902814688943,998.7617116838695,1020.231887763167,12375945
2023-03-27,1016.7330322265625,1024.2078438429432,999.7614322476102,1007.6224783212151,14054323
2023-03-28,1021.4815063476562,1025.3438507677042,1016.4831146440141,1020.118297683826,12576424
2023-03-29,1015.4380493164062,1020.0274303318191,1004.7142894261991,1017.3918775634875,18804065
2023-03-31,1059.2191162109375,1064.8536804760474,1024.5260415402947,1024.6623383806666,28171201
2023-04-03,1059.4007568359375,1067.3754434349298,1051.9259454677697,1065.5579119993613,10293043
2023-04-05,1056.856201171875,1066.9210129823457,1048.995215362799,1066.9210129823457,16262928
2023-04-06,1063.9447021484375,1069.6474143387793,1053.3572991214214,1053.3572991214214,18435046
2023-04-10,1056.40185546875,1068.0117263349803,1054.9023498118622,1067.8299972108045,12961408
2023-04-11,1061.62744140625,1063.740403112695,1056.0384293293785,1060.5596625780329,10542367
2023-04-12,1066.3074951171875,1075.9178623263667,1058.764536534493,1061.6271300614383,18179087
2023-04-13,1070.3289794921875,1075.0092249147228,1064.1946609026813,1069.1929322468407,12378208
2023-04-17,1075.7589111328125,1101.8866740573628,1067.3980510351955,1101.8866740573628,17929479
2023-04-18,1063.4449462890625,1080.0985197030036,1056.9243329412964,1080.0985197030036,10405576
2023-04-19,1068.738525390625,1071.419389949788,1059.741493449773,1062.854084774079,12273475
2023-04-20,1066.034912109375,1071.9193532094926,1059.6961482625013,1069.692811176778,7007330
2023-04-21,1067.3753662109375,1072.828080314349,1061.6499382780762,1068.1251189073266,7647317
2023-04-24,1071.465087890625,1081.8706418346944,1066.9210188410907,1079.1897769115358,12936186
2023-04-25,1079.666748046875,1081.7342770992536,1068.0569991057368,1075.1000833366595,9236126
2023-04-26,1073.3280029296875,1084.233551809527,1069.6701038322165,1081.0072593250222,8617834
2023-04-27,1080.1212158203125,1083.2792397187284,1074.191342363561,1079.189733985385,9167125
2023-04-28,1099.8646240234375,1101.409681900637,1082.2568535921685,1082.3704342762564,15565210
2023-05-02,1109.2025146484375,1111.3609082117491,1103.3180737047812,1106.9986888116582,12981805
2023-05-03,1099.6829833984375,1110.9974233118683,1096.4795270846325,1110.9974233118683,7061872
2023-05-04,1112.360595703125,1114.564421653396,1097.1838117593734,1100.1601065895743,8635233
2023-05-05,1109.5206298828125,1118.4267984938415,1106.9079133744922,1109.1798878043744,8746585
2023-05-08,1123.2205810546875,1128.5597141757223,1110.6110827431748,1113.2692311404737,9153782
2023-05-09,1126.69677734375,1129.9912183396398,1119.290114376559,1124.6292481933926,6464721
2023-05-10,1134.4443359375,1135.9211253467272,1127.446563252221,1131.4453248412979,10872255
2023-05-11,1127.0377197265625,1140.3059886325332,1125.3336486663607,1135.5121619830659,10557860
2023-05-12,1128.8778076171875,1130.2637323324755,1116.2228762779578,1122.2663301444138,6955341
2023-05-15,1131.1043701171875,1138.056589765274,1123.7885720856236,1131.3998000896127,6833343
2023-05-16,1114.99609375,1135.8073202110538,1113.3374551908087,1133.2627523170945,8717229
2023-05-17,1108.4073486328125,1120.0852459817609,1103.7271032383842,1119.1764803056624,8798967
2023-05-18,1106.0218505859375,1116.4502407386783,1102.8864225456616,1113.0649351771951,10525531
2023-05-19,1109.6114501953125,1111.4291017814717,1099.1149119209986,1106.0218196807168,8050447
2023-05-22,1115.541259765625,1120.539651102296,1105.2492875108546,1106.4533629289124,7434906
2023-05-23,1115.3369140625,1121.4485168171577,1113.9282731003457,1118.1087637100431,6092034
2023-05-24,1108.8389892578125,1119.630957590089,1105.749113749558,1111.4063935962217,8112254
2023-05-25,1108.7027587890625,1112.8151011277312,1097.8427615845399,1105.9537453747698,11487863
2023-05-26,1138.94287109375,1140.0787982471202,1113.6102893364032,1116.904610291511,12626260
2023-05-29,1145.3497314453125,1149.6210865747194,1139.2608448772517,1145.5314605509366,10010304
2023-05-30,1145.054443359375,1153.1199946776444,1142.509755067562,1145.349753161613,11342504
2023-05-31,1122.3118896484375,1140.4650896335454,1118.2678159183406,1135.9892890678166,27107927
2023-06-01,1119.2901611328125,1129.1279320638168,1116.9046059479208,1126.969538270473,14592692
2023-06-02,1115.6322021484375,1128.1962696801756,1113.7238061790024,1122.8117036497752,15800644
2023-06-05,1125.651611328125,1128.605189788234,1117.1089018534485,1121.0849468212546,10908682
2023-06-06,1126.60595703125,1130.4001532166621,1118.722254852153,1128.4690410109154,7493309
2023-06-07,1135.1484375,1135.9890546674183,1123.53856971522,1130.081898169811,10312545
2023-06-08,1135.830078125,1143.6457515710592,1131.899585359948,1138.7155083681228,12071109
2023-06-09,1127.787353515625,1139.874261684162,1125.9924180855612,1139.1699412328312,5877018
2023-06-12,1128.7869873046875,1131.0816777652867,1120.0852643496842,1124.8564945620458,6391969
2023-06-13,1145.46337890625,1146.6448585440896,1129.741286337972,1133.7173319025067,11248016
2023-06-14,1159.5496826171875,1160.9810398065779,1143.7140091659376,1145.5315407318087,13277380
2023-06-15,1159.8677978515625,1164.4117468363468,1152.1202722852718,1159.5269355725368,11813494
2023-06-16,1171.159423828125,1173.4313981302719,1163.3437504987226,1163.3437504987226,24171579
2023-06-19,1159.52685546875,1174.1584519189826,1155.3692013285906,1174.1584519189826,6798554
2023-06-20,1161.9351806640625,1165.070488566,1151.893084884151,1157.5957972211602,6921096
2023-06-21,1165.206787109375,1167.7286388194623,1157.8001247424693,1161.889630244124,6961603
2023-06-22,1152.1201171875,1169.2962804989265,1150.5297472760415,1161.4352954861522,7619166
2023-06-23,1142.691650390625,1151.1660925456156,1141.4420223330224,1149.1212794125972,6628570
2023-06-26,1133.967041015625,1142.9867893628173,1130.8544495978458,1139.1698775330913,12641159
2023-06-27,1134.376220703125,1140.305974461151,1129.9231362063101,1134.4216529822017,9689466
2023-06-28,1149.3939208984375,1153.1881169201986,1135.0122016455275,1141.896393407388,11354006
2023-06-30,1158.8226318359375,1161.7307784588775,1151.1888070463274,1157.0732487107562,11151555
2023-07-03,1188.5628662109375,1191.425580555085,1161.1400387375704,1162.3669506539804,12154387
2023-07-04,1176.31689453125,1192.7887391966194,1169.2736896643748,1192.7887391966194,8061643
2023-07-05,1174.3857421875,1185.5184537103503,1170.4325328520283,1185.5184537103503,10248062
2023-07-06,1199.0367431640625,1201.626743759331,1170.5461356600117,1170.5461356600117,19117987
2023-07-07,1196.696533203125,1210.9418359205672,1194.1518448825288,1197.332705283274,13375267
2023-07-10,1242.7947998046875,1252.3144236363512,1215.508392547687,1221.8244401255106,33240016
2023-07-11,1256.2677001953125,1258.6759714064597,1243.9536302912918,1250.9058502676546,20069348
2023-07-12,1257.653564453125,1273.2166423107678,1254.8817149747802,1256.9946762890331,18733835
2023-07-13,1246.4073486328125,1271.8535100977601,1243.794632147719,1264.992154591986,14682934
2023-07-14,1245.3621826171875,1254.5409440468316,1238.2735461254954,1249.5879849572364,15124144
2023-07-17,1270.8084716796875,1279.1466167196916,1239.5914489485467,1248.225023984058,22220040
2023-07-18,1281.6002197265625,1289.3249082218795,1269.1270172578058,1280.0325658904894,25867313
2023-07-19,1291.3243408203125,1297.7540895736324,1270.944719940005,1285.9397747939042,39122156
2023-07-20,1289.760498046875,1295.224991076979,1270.1421687973038,1270.1421687973038,38717624
2023-07-21,1249.834716796875,1287.3235564344566,1242.3763715855305,1284.4190157057792,30249238
2023-07-24,1224.554931640625,1238.1179088392782,1215.6443158350814,1221.4042392370138,23727866
2023-07-25,1223.767333984375,1233.3179681079685,1220.9119513502328,1227.8041962368873,12026020
2023-07-26,1243.65625,1253.8961800235134,1223.3733833366434,1223.3733833366434,12911012
2023-07-27,1232.087158203125,1249.2931304965796,1226.0072859774648,1247.5209111436616,17226898
2023-07-28,1244.4686279296875,1251.853175548335,1231.0287272255082,1236.6902137331379,20827852
2023-07-31,1255.00390625,1257.2930680054526,1239.594792375287,1244.4686660676819,8551174
2023-08-01,1237.25634765625,1259.803857697837,1233.3672005487501,1257.8346449464532,9536632
2023-08-02,1224.0380859375,1236.665614699006,1212.8381883521488,1235.2871417271826,12748214
2023-08-03,1218.8934326171875,1231.201012494138,1210.1058926997707,1218.5981228148664,10168350
2023-08-04,1235.4595947265625,1238.6349265214124,1216.7767111886983,1230.1673350047402,22885610
2023-08-07,1242.49951171875,1244.7393951840495,1233.2195480808575,1241.0963994857652,5982870
2023-08-08,1235.0162353515625,1247.7176805176769,1230.5363488514104,1244.5423492739476,9844072
2023-08-09,1243.1640625,1245.034838767312,1221.453562693164,1233.145764124846,11486586
2023-08-10,1248.7022705078125,1255.3730020668381,1234.9177826419805,1243.0407844200602,15470598
2023-08-11,1253.969970703125,1259.7300139419374,1236.837916549459,1246.733138146324,22179330
2023-08-14,1268.7884521484375,1271.2746074053628,1243.0656093412765,1249.9578543039606,9575812
2023-08-16,1267.7545166015625,1271.5207081344915,1255.8654425931288,1255.8654425931288,10203112
2023-08-17,1249.4654541015625,1269.2068594315797,1246.930140835009,1263.791524524126,13673744
2023-08-18,1258.7208251953125,1268.960755625946,1234.9671961841154,1246.142454602955,18639978
2023-08-21,1244.986328125,1262.5000997685252,1242.8371963360953,1254.8424457661688,9221746
2023-08-22,1244.68994140625,1253.8544488619668,1234.6115281978846,1243.4548358358238,7713044
2023-08-23,1246.0733642578125,1256.275409297995,1243.4796423923776,1247.0614487779783,9517952
2023-08-24,1225.1258544921875,1254.8177179260883,1220.7782590700385,1254.8177179260883,14140020
2023-08-25,1219.4691162109375,1237.5757146480018,1206.747529523438,1213.3676467766436,22222400
2023-08-28,1207.315673828125,1227.2008731617648,1201.0660879981488,1221.272366528133,12580826
2023-08-29,1195.755126953125,1212.107851949824,1189.7277154191993,1211.4162410930335,16876644
2023-08-30,1194.6187744140625,1206.9451032694478,1193.1119215700844,1201.5106390304122,12168946
2023-08-31,1189.1595458984375,1198.0523052778192,1185.6517981191516,1197.0642209023324,21638600
2023-09-01,1191.950927734375,1198.3734766692594,1186.5164632510111,1188.9373425267036,18112842
2023-09-04,1190.987548828125,1197.3853714174265,1188.3197691016735,1191.950907028467,9347626
2023-09-05,1197.36083984375,1202.4741047382813,1191.852196412095,1195.5822395056102,8675876
2023-09-06,1199.8802490234375,1203.5608392350891,1194.2234900414205,1196.1256007292052,8200370
2023-09-07,1201.5107421875,1204.5985062247828,1191.1358550222296,1196.4220829309013,13652572
2023-09-08,1209.51416015625,1213.3677136631895,1197.039593881822,1205.463038004146,23109288
2023-09-11,1222.5570068359375,1223.6686019045655,1211.3916036780722,1211.3916036780722,13271074
2023-09-12,1204.8948974609375,1226.7068128830886,1203.462102676104,1226.7068128830886,16255666
2023-09-13,1210.9222412109375,1216.653058753229,1198.6699696902265,1205.4630504045967,12803338
2023-09-14,1212.0338134765625,1218.2093412827492,1207.9332388900991,1215.3438722575231,9209636
2023-09-15,1214.28173828125,1219.2962186489121,1210.156437431325,1219.2962186489121,25468592
2023-09-18,1203.7091064453125,1210.8974446523887,1201.5353689892672,1205.4877066299114,7516300
2023-09-20,1176.8826904296875,1199.3370070481767,1163.4694916701224,1197.089090701199,57081884
2023-09-21,1168.31103515625,1180.8103271156433,1165.9396084396587,1173.3255153106452,12226182
2023-09-22,1163.4447021484375,1177.0308632017375,1160.9992172819989,1173.8443150051187,19176786
2023-09-25,1156.281005859375,1166.2853600891797,1153.6379525434304,1161.196701468891,14254884
2023-09-26,1157.2938232421875,1161.0979239595738,1153.8849803976213,1155.3423807263628,10087782
2023-09-27,1170.336669921875,1171.769464855697,1155.3178333556975,1157.7880446735417,11722778
2023-09-28,1153.14404296875,1177.3026603074284,1148.6482103293206,1177.3026603074284,14518346
2023-09-29,1158.529052734375,1170.435518964013,1153.1440405649926,1156.9481416896208,12342014
2023-10-03,1145.263916015625,1153.885049186791,1144.2017734963838,1151.0936382938999,8859056
2023-10-04,1143.287841796875,1145.683994991749,1133.8764332853668,1140.743572417399,10286386
2023-10-05,1143.26318359375,1150.8219332922222,1140.743519950406,1145.8074528562056,10953682
2023-10-06,1145.1898193359375,1148.5493304183171,1142.2502923697696,1144.7205033692,5431026
2023-10-09,1135.4326171875,1142.200971985465,1133.8269798521974,1140.2989816654238,7576878
2023-10-10,1140.447021484375,1145.1404226117538,1138.1497733893898,1139.5331157395624,10236032
2023-10-11,1158.5537109375,1160.8509589721596,1142.7196339530417,1143.4359710357805,9814118
2023-10-12,1160.70263671875,1165.618452848462,1155.1446622546925,1157.9607991424273,12554450
2023-10-13,1160.6534423828125,1164.7045645712087,1150.6984190160554,1156.058825491677,10150316
2023-10-16,1158.0596923828125,1163.2471357038708,1154.0826283801794,1158.5290083696577,5929036
2023-10-17,1163.5928955078125,1165.791359182136,1156.701030917525,1163.9634271590728,7928180
2023-10-18,1148.154052734375,1169.397866963109,1146.6719261602773,1163.5928712145596,8918320
2023-10-19,1139.33544921875,1147.0672825471008,1136.7911799610206,1142.2256445327594,12032556
2023-10-20,1135.8524169921875,1143.559402581249,1134.4690747739153,1136.2970067050267,8913312
2023-10-23,1118.1162109375,1139.3847504014805,1114.1885998234964,1131.3565651682993,7853962
2023-10-25,1115.5225830078125,1127.0090643806484,1108.1366760976812,1111.6196977984057,11620688
2023-10-26,1099.9849853515625,1115.5473150342816,1096.9219477593886,1112.089019549233,15222534
2023-10-27,1119.40087890625,1123.204979852311,1104.6536704890175,1106.654565590137,11771084
2023-10-30,1142.47265625,1148.6481841216216,1121.4511352518443,1123.4520304054054,16813304
2023-10-31,1130.3192138671875,1150.1303563093797,1127.8490026208185,1150.1303563093797,12808438
2023-11-01,1135.0126953125,1144.942993469817,1124.0449807279863,1130.9368464684328,10309190
2023-11-02,1146.2767333984375,1148.302354744411,1140.2247162104195,1143.1889695269997,10562104
2023-11-03,1146.0296630859375,1153.5638066087804,1144.078220526126,1149.7349795725816,8850156
2023-11-06,1155.564697265625,1156.0587394619763,1148.9445800808262,1152.2546386732256,10647304
2023-11-07,1148.0552978515625,1155.614167696399,1145.9556184844287,1153.1192304428853,6960204
2023-11-08,1154.033203125,1156.552866758098,1147.042553778562,1152.1064866637696,7884494
2023-11-09,1141.50927734375,1154.0331752710283,1138.3720609954937,1154.0085696526105,14513610
2023-11-10,1143.6583251953125,1144.3747829309668,1135.3337858785344,1139.039102652828,7734954
2023-11-13,1143.5101318359375,1148.4505538682092,1142.0773370771153,1147.610585630105,3854810
2023-11-15,1164.185791015625,1166.9030232858888,1149.6362714370953,1156.0588204395372,12220648
2023-11-16,1166.285400390625,1172.9302438744137,1159.4923201233041,1161.542667627995,13134910
2023-11-17,1163.7410888671875,1172.48561138748,1162.011941225828,1162.4318047121262,7758634
2023-11-20,1160.6781005859375,1165.1490860409533,1154.2801575494677,1160.2828426994563,4490186
2023-11-21,1175.2769775390625,1179.7728099438689,1166.0384122376151,1168.9038812090425,8214450
2023-11-22,1179.87158203125,1182.9593458443583,1171.9669066696931,1173.3502489811203,8534814
2023-11-23,1183.47802734375,1185.701217125861,1179.8714953518393,1179.8714953518393,8531542
2023-11-24,1182.6875,1186.985763362465,1181.2795521879546,1181.5512995040292,6749486
2023-11-28,1182.9345703125,1185.553018040048,1173.4737106297225,1182.6875492177458,13792174
2023-11-29,1186.047119140625,1191.605094048659,1184.7379555197092,1189.6536514263266,12531306
2023-11-30,1174.5606689453125,1186.0471507278282,1170.8306260067593,1183.0828973645985,28439984
2023-12-01,1182.8853759765625,1183.922792325671,1174.6348945757863,1174.8324632282502,14342842
2023-12-04,1195.6810302734375,1210.4035134582498,1185.0097900344595,1210.4035134582498,15590990
2023-12-05,1204.3514404296875,1205.8830195816831,1196.3973123183705,1204.9689932142376,12693624
2023-12-06,1215.887451171875,1221.7417795681863,1202.992899973077,1208.9708595498532,16422442
2023-12-07,1213.886474609375,1215.813191043024,1206.4511149904754,1215.3438750518303,8142096
2023-12-08,1213.244140625,1223.5943006598802,1207.9331869400896,1217.2459307176134,10204894
2023-12-11,1215.0228271484375,1219.0986756148789,1211.589137099235,1213.3677374036308,7066138
2023-12-12,1197.5830078125,1217.7892853568703,1195.6561708810905,1215.3438006129375,9197124
2023-12-13,1202.4739990234375,1204.6478570918039,1188.8137803209581,1196.570218805253,10031182
2023-12-14,1217.39404296875,1222.7297228698085,1206.7721356331074,1212.3795628682321,16972354
2023-12-15,1232.9317626953125,1235.1055001292314,1220.3089603608373,1224.236571728094,15932152
2023-12-18,1245.4803466796875,1252.3474847954778,1230.634354917611,1232.9317234441762,14165188
2023-12-19,1263.8094482421875,1271.615218807123,1247.5553868731267,1262.2778691174958,16820604
2023-12-20,1248.518798828125,1283.9417239360823,1244.9864450577063,1270.207325538083,17736722
2023-12-21,1266.0079345703125,1271.4176728398502,1244.1218397625619,1248.44470925444,13765454
2023-12-22,1267.2430419921875,1275.0735389423144,1258.6466348491601,1264.550535970751,16541784
2023-12-26,1273.6656494140625,1280.53278845719,1266.0820526143013,1268.7005006679644,7465664
2023-12-27,1278.01318359375,1284.4603381656593,1271.2201029702012,1275.6170305456778,9204156
2023-12-28,1287.2518310546875,1290.4383794995902,1278.0132649417642,1279.470665481518,12302636
2023-12-29,1277.074462890625,1291.4264140714613,1274.2831724837226,1289.9937398232034,10864584
2024-01-01,1279.69287109375,1287.8940202608817,1271.2447008145452,1274.9006856426909,4030540
2024-01-02,1290.2900390625,1291.920402508132,1271.1706293129728,1277.099135940161,7448800
2024-01-03,1276.2593994140625,1301.3073179716814,1273.2456933698636,1289.4503036849235,9037536
2024-01-04,1282.8546142578125,1289.376067708453,1274.1842702494187,1278.5811975278393,9612778
2024-01-05,1288.3138427734375,1294.3165279752034,1283.521657474919,1285.9424160498672,8086406
2024-01-08,1278.26025390625,1300.2944657165137,1269.1698042070248,1289.4502625359673,7734652
2024-01-09,1274.8759765625,1287.8693113555237,1273.245613077726,1284.5098000629723,5403074
2024-01-10,1309.2613525390625,1313.658280108081,1272.1834593214687,1273.146817539874,11102740
2024-01-11,1343.6961669921875,1346.2651626289091,1312.6702888458758,1313.6583733689063,23725852
2024-01-12,1354.39208984375,1356.961085397271,1329.7147038034357,1343.6961234746648,15012164
2024-01-15,1377.5130615234375,1379.810309335981,1349.7231898438201,1358.6159487812977,8610594
2024-01-16,1358.24560546875,1379.6623844587446,1354.1697570573224,1373.4126778584214,9069024
2024-01-17,1345.35107421875,1369.7568331827044,1338.8791932605309,1343.30084717423,12197382
2024-01-18,1351.6500244140625,1354.663730119792,1335.1490629645289,1335.2972997496222,10279438
2024-01-19,1351.156005859375,1359.6041759840746,1342.8067406703178,1359.6041759840746,10422704
2024-01-23,1312.7442626953125,1355.4048574857818,1306.791150318716,1355.4048574857818,20055420
2024-01-24,1327.862060546875,1333.4200358723897,1308.1498229720294,1319.3151054787043,21919128
2024-01-25,1336.9522705078125,1347.895377764627,1319.2902616038493,1326.9479158139593,11808872
2024-01-29,1430.795654296875,1435.1925816017736,1343.9677382154596,1348.241154971167,23893438
2024-01-30,1390.8524169921875,1442.5786154279806,1387.6905949006082,1442.5538891928095,14093978
2024-01-31,1409.6258544921875,1417.159997760743,1385.7883192326594,1387.2704457772934,15130226
2024-02-01,1409.650634765625,1426.1515960154993,1401.1531330404457,1417.9011153905622,13349362
2024-02-02,1440.3306884765625,1457.3258137867138,1416.0980132616144,1416.0980132616144,19652588
2024-02-05,1421.8782958984375,1452.978230847658,1414.4676622830975,1443.344407147716,8814432
2024-02-06,1410.7869873046875,1424.6695010773788,1402.9069175392074,1424.6695010773788,9047984
2024-02-07,1424.966064453125,1432.2284612961826,1412.2197504708995,1418.8152626559165,9296568
2024-02-08,1432.845947265625,1442.0845126481563,1410.515263064875,1432.7224367107362,14694634
2024-02-09,1443.3443603515625,1454.4355841797649,1433.661084495157,1436.6747903139974,12556798
2024-02-12,1435.04443359375,1443.5913882496639,1425.163589047209,1443.3443671360003,6674430
2024-02-13,1447.6424560546875,1461.3768535820275,1436.6747431428453,1438.1568697691962,7715594
2024-02-14,1463.7235107421875,1465.9714268487612,1440.1329959711338,1440.1329959711338,7117888
2024-02-15,1453.076904296875,1467.0335965408115,1449.0505085860837,1465.674980481667,10006782
2024-02-16,1443.17138671875,1459.4007219371786,1441.170612214809,1458.8819534815811,9767498
2024-02-19,1456.4365234375,1461.8709880771921,1436.205517833802,1444.6289621484814,6729828
2024-02-20,1453.4969482421875,1457.9186020207894,1444.3818933388152,1457.4492860314679,7117496
2024-02-21,1450.2115478515625,1470.7884795851646,1440.1825868389801,1456.4365283424868,12720292
2024-02-22,1464.0941162109375,1467.2559381666686,1440.6271108051608,1450.6561919754163,18493728
2024-02-23,1475.82763671875,1479.7059164315408,1465.6750448712426,1471.7517883622584,14438584
2024-02-26,1469.6026611328125,1476.7169415654328,1464.8352018923576,1475.753583346703,7513106
2024-02-27,1467.94775390625,1482.0772898132236,1460.4383358684995,1465.3540321072526,10826044
2024-02-28,1438.280517578125,1473.505754549138,1432.8955052347949,1465.3293310903284,8647950
2024-02-29,1443.3939208984375,1461.3522847525776,1437.1936663872107,1447.5438276529026,23628976
2024-03-01,1474.3455810546875,1482.1267464736743,1445.0735778118324,1446.0616623094816,12132926
2024-03-04,1489.4384765625,1494.4282305064353,1469.503825173054,1472.7150995331629,10024420
2024-03-05,1482.32421875,1489.4384990399915,1468.3429205099196,1487.8328618357061,7107668
2024-03-06,1485.0909423828125,1491.0194491388315,1460.8828731290673,1475.654687549837,7805676
2024-03-07,1461.3028564453125,1485.1897258668157,1457.968071396935,1485.0662153094684,8315726
2024-03-11,1449.1246337890625,1471.2577496463198,1446.0615961097308,1471.2577496463198,11277130
2024-03-12,1457.844482421875,1470.269595576354,1447.568380480176,1449.1245651727334,9432678
2024-03-13,1415.10986328125,1465.4279903850718,1410.7622676768488,1462.142657909758,13522134
2024-03-14,1414.4180908203125,1431.2649780682007,1408.514310659922,1422.5450608782721,18571102
2024-03-15,1401.3260498046875,1416.1473166057365,1396.0645483366263,1408.9589780840722,19223818
2024-03-18,1422.32275390625,1424.5459437848976,1399.6462653903534,1403.0798345242215,9169392
2024-03-19,1408.267333984375,1420.4701525728194,1400.3626585436627,1411.7256294896865,8275764
2024-03-20,1426.5469970703125,1427.7821026954816,1407.0570544283007,1410.9352137218616,8488806
2024-03-21,1433.6856689453125,1440.5282013312483,1427.4608098953254,1435.217247937673,13006936
2024-03-22,1437.6875,1442.6031956703118,1430.1039041326171,1432.697625631682,19527608
2024-03-26,1424.3978271484375,1435.0939139473653,1421.853557874578,1427.7820647176966,11415906
2024-03-27,1475.061767578125,1482.1265951381042,1429.7581221098912,1430.74620650665,16326644
2024-03-28,1468.1451416015625,1488.0056133770977,1461.0309823617722,1475.0864584455267,21854364
2024-04-01,1467.0831298828125,1476.1734586788064,1464.8352136106084,1474.691331987126,5013880
2024-04-02,1469.2320556640625,1476.198098955644,1457.4244952875333,1466.3172549197961,8910166
2024-04-03,1454.0650634765625,1466.7619246317818,1451.397283687729,1464.4152240453116,7008292
2024-04-04,1445.4935302734375,1462.1180033355356,1432.7224901750476,1462.1180033355356,14490272
2024-04-05,1442.7020263671875,1453.274601948929,1438.6509043996564,1443.467815909923,7442298
2024-04-08,1468.268798828125,1473.2092211870183,1443.5914132686094,1445.542855977216,8357118
2024-04-09,1446.209716796875,1472.0481472763418,1445.0733956446675,1471.2576315315623,7071414
2024-04-10,1461.945068359375,1469.281643980642,1448.8776750369068,1448.8776750369068,9138330
2024-04-12,1449.6680908203125,1468.7627741208264,1445.6415744118667,1458.2891033204971,15551012
2024-04-15,1447.3707275390625,1464.4646364315843,1429.0911655763507,1443.591352839028,12902062
2024-04-16,1448.2847900390625,1453.6451964542034,1433.6364862387566,1436.0325186728678,9366184
2024-04-18,1446.876708984375,1468.2934876101954,1441.9610129858208,1446.0615875622616,19005692
2024-04-19,1452.6075439453125,1456.4363709041004,1425.8304814663622,1439.4166416427065,15741778
2024-04-22,1462.2166748046875,1465.1562017707047,1450.3103301575065,1454.9048261235944,10350362
2024-04-23,1441.936279296875,1475.7041133303053,1438.20635702296,1461.3768889290402,14605554
2024-04-24,1432.895263671875,1451.0513135165108,1432.2282584925008,1446.0614393265091,10462776
2024-04-25,1442.5784912109375,1450.483166375014,1424.3236561270523,1425.3117405225619,15943926
2024-04-26,1435.2420654296875,1447.5436681516292,1432.7224019248206,1446.5061312694434,9413848
2024-04-29,1447.5684814453125,1450.4092243096331,1432.7224880920985,1432.7224880920985,7247974
2024-04-30,1449.5198974609375,1465.403306850403,1445.4440490785064,1450.5079819172845,11474262
2024-05-02,1449.0753173828125,1459.7218309784546,1446.6791643138517,1454.460329459568,14512646
2024-05-03,1416.9130859375,1457.3750954799905,1399.275802819383,1453.4722101911175,17226958
2024-05-06,1402.610595703125,1422.841600588335,1401.1037428015688,1418.3952205864964,7394208
2024-05-07,1384.7755126953125,1403.820862972822,1375.4134374507605,1399.1027360020912,14517472
2024-05-08,1401.647216796875,1415.8755361000522,1380.8479912935143,1380.8479912935143,9439002
2024-05-09,1377.5130615234375,1406.7850596926346,1373.4372136770937,1396.1631531839807,11009612
2024-05-10,1390.65478515625,1393.1990543318577,1371.535254832905,1380.106935558881,10505096
2024-05-13,1385.9859619140625,1390.210046915121,1367.5088315833425,1383.2193979190515,8456620
2024-05-14,1403.1539306640625,1410.070521585227,1383.342910466477,1384.2815424166113,7188300
2024-05-15,1399.3992919921875,1412.9360003572742,1396.1880176135714,1403.5739245612333,5046534
2024-05-16,1408.3660888671875,1410.4904944706304,1381.3667306256436,1401.6471872524828,14711774
2024-05-17,1418.5927734375,1420.0749000882806,1396.4103261437938,1406.0936018418706,10916476
2024-05-21,1419.0126953125,1424.6447280920645,1408.613082979292,1408.613082979292,11176128
2024-05-22,1443.24560546875,1451.2737917888355,1419.1610465084934,1419.1610465084934,10281604
2024-05-23,1468.343017578125,1474.444366988288,1437.6629456463684,1441.1706938631594,14608260
2024-05-24,1462.6119384765625,1470.7636348065282,1458.5113640783345,1465.9467233388211,7094776
2024-05-27,1448.77880859375,1467.2066075031105,1444.134859977049,1462.587264504762,6629010
2024-05-28,1438.8485107421875,1460.8828419616084,1435.4396676765145,1450.5079553599196,7820162
2024-05-29,1423.607421875,1440.6271526936466,1421.310053120064,1429.264181324664,7383556
2024-05-30,1407.8720703125,1423.2368313836507,1403.178669288835,1418.3951935729253,13206858
2024-05-31,1413.3560791015625,1425.0648561889025,1405.3031663821573,1414.2453792660226,31069832
2024-06-03,1492.32861328125,1496.4539141466187,1441.6152266357983,1465.3292536675044,21527942
2024-06-04,1380.625732421875,1480.1999676014107,1343.1032493273078,1480.1999676014107,36709098
2024-06-05,1403.821044921875,1414.097147783154,1367.6077240917773,1405.0561505394378,17464890
2024-06-06,1414.541748046875,1426.497546390369,1404.41388190777,1417.9012594747105,17855722
2024-06-07,1452.4346923828125,1454.4603137562979,1409.5024711775536,1411.4786400821138,18558696
2024-06-10,1453.867431640625,1475.5558362929214,1450.5819785928986,1452.4346368701142,9251760
2024-06-11,1439.3179931640625,1456.1154291491666,1437.3418242246385,1451.4960860069511,11774902
2024-06-12,1445.888671875,1458.4126908916728,1437.835879864395,1440.1331280315808,10081742
2024-06-13,1447.7906494140625,1454.7072401295707,1442.7019906930702,1454.4602190325884,9181160
2024-06-14,1459.944091796875,1462.0437710581825,1439.8612048457326,1452.4840066456875,8157998
2024-06-18,1463.3778076171875,1469.6768460329972,1453.8180422457062,1469.6273935638167,7196766
2024-06-19,1441.2694091796875,1469.7756214798555,1438.650961260282,1469.7756214798555,8725874
2024-06-20,1456.139892578125,1465.1808887163045,1432.8211254931246,1441.6151005379975,16113776
2024-06-21,1436.8724365234375,1457.1281688420868,1423.4097851653107,1456.0660262473004,31170360
2024-06-24,1424.2989501953125,1432.2283517054532,1420.3713387903338,1428.3007403004744,8878386
2024-06-25,1436.8228759765625,1438.576749814009,1423.8295427024468,1425.8057113946086,7045386
2024-06-26,1495.9844970703125,1500.875466568816,1427.905458276952,1428.8194845866847,22014882
2024-06-27,1512.3126220703125,1519.1797603831344,1488.0551018777237,1495.7127559544517,28383030
2024-06-28,1546.7474365234375,1562.1615299634889,1512.782033239127,1512.782033239127,28957336
2024-07-01,1541.5599365234375,1560.5805616644209,1537.138282854078,1543.9066370278445,7724306
2024-07-02,1546.525146484375,1554.7509013864856,1538.4475077589818,1550.7985635373939,7749246
2024-07-03,1533.927001953125,1556.2329594590622,1524.391963189475,1547.661278880494,9049620
2024-07-04,1535.5079345703125,1548.822348177101,1532.321386398175,1538.447461634288,6837176
2024-07-05,1569.695556640625,1579.4528899457323,1529.5546284867023,1535.3101717849263,12269710
2024-07-08,1581.824462890625,1589.6303543798022,1563.6684106310508,1570.0662334946016,9500806
2024-07-09,1571.3260498046875,1581.4291893561121,1561.6675000170792,1578.5637202787966,6960002
2024-07-10,1565.3480224609375,1578.4648673124634,1544.5241914718106,1575.9946562525065,7134578
2024-07-11,1561.815673828125,1585.1344421846698,1551.786592769845,1568.5840280306456,11940946
2024-07-12,1577.6990966796875,1586.023756297877,1555.7389442164904,1565.619788574804,12924784
2024-07-15,1578.193115234375,1586.7153433656392,1566.6078495211154,1585.332001053062,5329688
2024-07-16,1557.4681396484375,1580.9351457176842,1550.4280378276635,1574.5125966882063,9386838
2024-07-18,1567.76904296875,1574.9079294522828,1539.2627082750141,1557.2211925457696,12298374
2024-07-19,1536.61962890625,1571.029623251694,1534.2976544625544,1567.1020115011324,13140390
2024-07-22,1482.7935791015625,1519.179738244426,1481.4102368427714,1518.9327171487766,19674376
2024-07-23,1470.1708984375,1487.808182000688,1445.5675711552426,1483.1147807956386,18052044
2024-07-24,1477.8779296875,1491.5135439533938,1458.8079713194404,1467.3054738461674,11913362
2024-07-25,1474.6171875,1482.595920809754,1459.474721651074,1463.3530011800513,12519876
2024-07-26,1491.044189453125,1494.4037007697482,1472.59166375446,1474.6172851615388,9859940
2024-07-29,1501.987060546875,1509.2989091727318,1493.7613062276428,1493.9341486268256,7538550
2024-07-30,1495.1199951171875,1506.8287716127938,1492.0075050067665,1498.9488223237445,8228208
2024-07-31,1487.487060546875,1492.4520883459395,1483.2629754591517,1486.0789919790418,10057346
2024-08-01,1497.244384765625,1499.9121644798522,1486.37545603751,1493.9836579008804,10764222
2024-08-02,1481.4595947265625,1491.3404387261814,1475.481756476256,1487.0670219426547,10268248
2024-08-05,1430.079345703125,1466.2186085334113,1416.1721046606897,1462.3650548737628,17046704
2024-08-06,1438.700439453125,1459.8948030686215,1434.0316438440889,1437.8111393077952,10236186
2024-08-07,1447.3707275390625,1454.954323788822,1444.0853950542364,1451.4960282823629,8174568
2024-08-08,1431.8577880859375,1447.5436277380477,1428.6959662921352,1440.1577210643813,12387192
2024-08-09,1456.7330322265625,1458.9067698886504,1438.6510375603623,1442.6033755756382,6249776
2024-08-12,1443.220703125,1455.4482469512195,1440.3799606199186,1452.483993902439,8184584
2024-08-13,1446.18505859375,1452.5581548536697,1440.6270837336665,1443.344315887485,6265064
2024-08-14,1444.4312744140625,1454.4603560192809,1436.3783617708266,1446.1110904012166,6267466
2024-08-16,1460.58642578125,1462.7602840003062,1440.676620060605,1451.1502913945535,9416902
2024-08-19,1475.65625,1485.47150978375,1467.8238660907393,1469.8067419652286,13797742
2024-08-20,1483.1416015625,1491.0484162933285,1477.2674041310693,1484.4057091952604,8411808
2024-08-21,1485.8433837890625,1494.964564922092,1477.2426107826689,1480.464784262564,7769996
2024-08-22,1485.2979736328125,1493.6012664349316,1477.8869991875908,1490.1312336221058,10445782
2024-08-23,1487.1322021484375,1498.3849993365056,1485.5955458508122,1490.8749048344312,9249654
2024-08-26,1499.6490478515625,1509.9600269352031,1490.131267553257,1494.0722092753902,8816114
2024-08-27,1487.6031494140625,1500.516654009415,1486.6117113802566,1497.5671500638725,6251156
2024-08-28,1485.4715576171875,1494.567928369235,1480.2168879705305,1492.1141436005682,9610286
2024-08-29,1507.90283203125,1523.8401488737275,1481.2083164719252,1490.2303777286736,38335358
2024-08-30,1496.6995849609375,1526.5418444404818,1490.4534771750382,1520.865886117465,41620730
2024-09-02,1503.267822265625,1513.7275412609433,1493.7252318027681,1497.9388431759776,11240852
2024-09-03,1496.203857421875,1509.9600595401412,1494.5927706873033,1508.2250430567562,10923800
2024-09-04,1501.5823974609375,1504.50709100704,1486.6612078847159,1487.850885016148,11983304
2024-09-05,1480.192138671875,1512.7113538076746,1474.3179410781217,1506.0439573959175,16264168
2024-09-06,1452.2830810546875,1484.182646260627,1449.110527949692,1479.721175380084,19394228
2024-09-09,1449.9283447265625,1457.339440034618,1443.1370191466497,1453.943716732093,9010298
2024-09-10,1449.0113525390625,1459.4462610127246,1445.0951000796938,1447.9951044503912,10768260
2024-09-11,1439.0721435546875,1456.1744477064742,1435.1560121734635,1450.5232999620255,9760202
2024-09-12,1467.1298828125,1473.2767495080643,1433.4953029575859,1444.5250498204912,22349376
2024-09-13,1460.016357421875,1470.451266381587,1456.918113729867,1463.7590600068495,8711328
2024-09-16,1458.752197265625,1468.2204780575375,1452.2087310287416,1464.8991851443227,5481774
2024-09-17,1459.6942138671875,1464.8248328952707,1454.0677548146177,1461.3796100548857,5935328
2024-09-18,1450.919921875,1469.3111455549956,1448.0448484372855,1457.413889315684,8574714
2024-09-19,1457.0916748046875,1463.8581906691413,1443.0876132109174,1453.6959512825117,16955902
2024-09-20,1473.2025146484375,1482.1997658201985,1458.7770437683578,1461.3795684407844,30897320
2024-09-23,1480.5887451171875,1488.6441789861601,1476.2015834923338,1478.2340798324108,8832314
2024-09-24,1476.6229248046875,1487.6526722077606,1475.1357678514642,1475.7554165819738,17137444
2024-09-25,1481.15869140625,1483.6869066134093,1467.5264194610884,1471.1948125268714,7069002
2024-09-26,1485.12451171875,1491.122760061236,1475.309372285805,1477.8870868947113,18818998
2024-09-27,1513.10791015625,1520.345334807694,1479.2254687210307,1486.1655345930462,20597478
2024-09-30,1463.9324951171875,1511.9181178232873,1461.7761901136828,1506.3908994638518,27008814
2024-10-01,1452.2830810546875,1475.2100841908111,1450.3002051077794,1467.9726595996829,16431642
2024-10-03,1394.928466796875,1436.9902726871705,1390.070396353704,1424.2750076222521,37757294
2024-10-04,1374.653564453125,1405.2145916660443,1369.9442340651563,1391.9046094477658,37072876
2024-10-07,1358.9888916015625,1384.5432314460647,1349.7189700751067,1381.5689173076198,22181340
2024-10-08,1385.3858642578125,1389.004637160655,1353.4119887771337,1361.2195630224157,17020808
2024-10-09,1362.8306884765625,1388.979866453412,1360.7486928237201,1385.5594536683957,14310610
2024-10-10,1359.31103515625,1374.132983939481,1357.699948504806,1368.209166456891,22358646
2024-10-11,1360.35205078125,1371.4314188021033,1357.1050671377104,1358.2700551936466,7980122
2024-10-14,1360.7734375,1368.2587216327886,1356.5350159311083,1367.6390728953818,12221432
2024-10-15,1332.5174560546875,1359.9554295521655,1329.2208521541709,1346.8933067731043,33762794
2024-10-16,1342.4813232421875,1352.3213935222657,1326.1722170162907,1328.5268821992931,20034438
2024-10-17,1344.811279296875,1356.7332239102464,1340.4737382347967,1354.0067695283685,15543660
2024-10-18,1347.66162109375,1356.70849216764,1329.840427555484,1340.5976258716714,12082452
2024-10-21,1357.476806640625,1362.2357572594483,1346.1000802528206,1355.4196212833501,14067408
2024-10-22,1331.8482666015625,1364.2187428070656,1328.7500227270916,1357.4769157261562,15831960
2024-10-23,1327.0645751953125,1345.8522769141389,1323.56973203491,1326.0483270387208,17214742
2024-10-24,1328.3287353515625,1332.1952468902052,1311.7964576126847,1323.8424540123256,22155934
2024-10-25,1316.4808349609375,1332.8395608533488,1310.6809472586556,1331.996862815434,18597496
2024-10-28,1322.9251708984375,1341.4155124030337,1310.7800563182918,1325.552505604476,10824350
2024-10-29,1328.52685546875,1331.6994085045892,1308.995576227512,1316.728719636798,12008361
2024-10-30,1332.3935546875,1338.4413022928309,1314.0023313459362,1323.569732267355,11984423
2024-10-31,1320.64501953125,1331.5012170832633,1314.7955112005386,1328.5269031210519,9331650
2024-11-01,1327.1884765625,1330.4601492824747,1321.5868277686543,1321.6364480777281,2127335
2024-11-04,1291.0009765625,1328.52687951389,1274.0969107675833,1326.3952636738204,19796890
2024-11-05,1294.1240234375,1298.337634786513,1275.1379622128013,1281.9292880644173,16267479
2024-11-06,1314.002197265625,1316.9270116872763,1289.0675098622075,1298.783649697479,21625209
2024-11-07,1294.470947265625,1312.6638089321268,1291.447013193,1312.6638089321268,9611974
2024-11-08,1272.758544921875,1290.5053095001092,1264.083462337208,1286.5395574614042,19814406
2024-11-11,1261.802978515625,1274.9891511168566,1256.151830843746,1267.9994654475693,9056552
2024-11-12,1263.33984375,1278.2610337323058,1256.6476373969983,1264.6287615317467,10671091
2024-11-13,1241.3299560546875,1264.5295076822267,1238.8017408266169,1259.374078659472,14633633
2024-11-14,1256.746826171875,1261.7040163358736,1240.38809863068,1242.866693712679,12612633
2024-11-18,1249.9554443359375,1262.0014401044657,1233.24973843027,1256.7467703539512,13620611
2024-11-19,1231.0189208984375,1270.5276979121372,1224.5745744010292,1249.9553610165642,14183746
2024-11-21,1212.528564453125,1233.299140266532,1206.8277964681656,1231.0189056876295,19433843
2024-11-22,1254.565673828125,1257.9860865301255,1211.9833389629089,1218.8739057022901,20471957
2024-11-25,1275.9805908203125,1293.2811339485756,1271.4694999174592,1278.9549045518283,28923341
2024-11-26,1284.6060791015625,1286.7376948587628,1273.2045428922675,1283.8625006531302,9247557
2024-11-27,1282.1275634765625,1292.6864023015983,1274.9892583407009,1282.4250432843673,9572746
2024-11-28,1259.91943359375,1285.4984608667178,1258.184417128475,1278.905374093644,15027412
2024-11-29,1281.1361083984375,1288.3736540571424,1264.3312830599236,1269.0406134614407,13202307
2024-12-02,1297.9410400390625,1300.1221551586505,1266.115905470633,1276.9721028104004,11024152
2024-12-03,1311.969970703125,1315.4400037478053,1295.8094826849822,1305.7238628126408,16869482
2024-12-04,1297.74267578125,1317.0262168141671,1292.884726573221,1314.6467414933138,19608540
2024-12-05,1310.7305908203125,1318.5628538088617,1294.966703202915,1303.0964459866593,16858723
2024-12-06,1300.320556640625,1312.564791729292,1298.7837793313574,1312.564791729292,9037514
2024-12-09,1284.0609130859375,1303.7409326166044,1282.0284168341586,1291.8436769577456,14650002
2024-12-10,1273.8489990234375,1283.812998621138,1269.238788448007,1278.2113501165884,16043729
2024-12-11,1267.2559814453125,1278.9549980546296,1265.1244866020038,1273.9978081396894,11724373
2024-12-12,1252.0870361328125,1267.25596445406,1249.8066803924569,1259.1262215126183,20906813
2024-12-13,1261.9517822265625,1264.281637225772,1228.9864700814942,1249.211828655226,28630222
2024-12-16,1257.4407958984375,1270.032009408355,1255.7057794921418,1264.0833817296273,9486781
2024-12-17,1234.6378173828125,1253.0785403896136,1232.1592223274588,1250.2529662315405,17462791
2024-12-18,1242.5196533203125,1249.162239402372,1230.027558928225,1230.027558928225,12670179
2024-12-19,1219.914794921875,1234.2411461229626,1218.4772582835096,1228.3916379278016,14244653
2024-12-20,1194.9803466796875,1228.8874800507767,1191.2128336272758,1213.5201900622435,20312896
2024-12-23,1211.834716796875,1216.6926661807136,1202.8125341694108,1204.5971709809228,10052824
2024-12-24,1212.2808837890625,1222.988463211123,1210.545867189896,1211.8347850736238,6734917
2024-12-26,1206.1339111328125,1217.1883476811242,1203.8535553911518,1213.767935093776,10016178
2024-12-27,1210.595458984375,1217.3867853075249,1206.5800865394056,1207.86900439277,7000397
2024-12-30,1200.3338623046875,1212.7268365212021,1197.7561478726802,1205.9851311625014,8818766
2024-12-31,1205.043212890625,1208.6619856280877,1195.8229125326573,1197.6570485426987,6405475
2025-01-01,1210.7935791015625,1215.800389087432,1201.2261788160188,1204.4483521073844,5892590
2025-01-02,1231.167724609375,1233.7949384205442,1209.554328364606,1210.7936258321927,15486276
2025-01-03,1240.4376220703125,1251.2443199889096,1224.9215938636924,1233.2496968938563,15521102
2025-01-06,1207.571533203125,1251.1948069805778,1204.597219081935,1243.2136823453243,14816766
2025-01-07,1230.2257080078125,1233.8444805890147,1210.7935491517349,1211.5371275851955,10070505
2025-01-08,1254.664794921875,1260.167324257905,1234.6872949225542,1238.3060678446636,19346579
2025-01-09,1244.0068359375,1258.878406002503,1237.3642497185242,1256.1519514905858,12794704
2025-01-10,1231.266845703125,1245.9896754309787,1225.4173374439545,1243.114481097643,8120332
2025-01-13,1229.234375,1234.5881643828388,1215.899582365329,1219.4687349455062,13764861
2025-01-14,1228.143798828125,1242.6187691440975,1216.742262047884,1233.4479678208604,13095266
2025-01-15,1241.478515625,1246.2374660533972,1231.2171573529768,1234.2905907014622,9578856
2025-01-16,1255.6065673828125,1264.0834104275011,1240.586378973141,1248.1212833322295,14117603
2025-01-17,1291.19921875,1314.6467509950228,1273.997794139219,1310.9288585996749,29366277
2025-01-20,1294.272705078125,1304.7324245206253,1289.1172758229052,1304.7324245206253,14040244
2025-01-21,1262.7945556640625,1301.7581181984158,1259.324522599558,1299.2795231523412,14562976
2025-01-22,1266.16552734375,1271.9159165250771,1257.8374234010246,1267.355325635656,10273590
2025-01-23,1252.8306884765625,1266.4133410521551,1250.7981921087953,1259.1262957502838,8720682
2025-01-24,1235.6292724609375,1262.1006196074513,1232.8531975505623,1255.1605533566642,14235970
2025-01-27,1218.82421875,1229.8291557820492,1209.5542981292017,1228.4907387555406,9536019
2025-01-28,1223.8310546875,1234.0924134746083,1208.0671667554209,1227.4002071753887,10568025
2025-01-29,1224.921630859375,1232.1095562529247,1217.53546627882,1225.4173498520336,5928156
2025-01-30,1242.3214111328125,1246.237542749693,1221.8481926097397,1224.971246456504,9269259
2025-01-31,1254.2681884765625,1256.1519448799122,1238.306060895825,1245.09738698474,6584612
2025-02-01,1253.7724609375,1259.6715896071485,1230.374548522757,1254.2681799336815,7118453
2025-02-03,1235.232666015625,1245.2461659154887,1226.9541826685895,1240.2889757645512,9252345
2025-02-04,1274.196044921875,1277.7653184740125,1235.9265630557768,1237.3642207434832,16691069
2025-02-05,1267.2559814453125,1279.4507170461238,1265.7688244708304,1271.6679530846961,10112028
2025-02-06,1270.577392578125,1276.9721191435924,1259.4732145791813,1262.7945076095025,9956001
2025-02-07,1255.8544921875,1272.7089385364054,1251.1947819010975,1265.2236540965398,8764283
2025-02-10,1242.916259765625,1255.6562137259161,1234.8856362555493,1253.673337746878,6970972
2025-02-11,1224.2772216796875,1253.7230036544372,1219.567891058193,1253.7230036544372,8859714
2025-02-12,1206.1339111328125,1216.3952699200001,1183.1324776076385,1209.0089844264594,21131654
2025-02-13,1205.6876220703125,1217.4857574427408,1201.622750831109,1206.6295607029597,8511216
2025-02-14,1206.827880859375,1213.5200872227356,1195.1288642881832,1208.56289732395,10298145
2025-02-17,1214.4124755859375,1216.9901902768092,1194.1871154284454,1200.7305822668588,8166683
2025-02-18,1214.908203125,1219.3696743222742,1205.6877809072391,1214.362863790828,6673250
2025-02-19,1216.9404296875,1222.1950990873443,1207.125291073852,1209.0585466128707,6217338
2025-02-20,1222.4429931640625,1228.738599945727,1211.5371757067999,1213.4704313005311,7795582
2025-02-21,1217.634521484375,1229.3830367840985,1211.6858938870325,1218.1797397323817,6904025
2025-02-24,1204.151123046875,1212.7765856074127,1200.1357505642943,1206.13399913207,7172498
2025-02-25,1193.69140625,1210.5458530159883,1191.2128111373545,1200.631472565407,11552182
2025-02-27,1196.7647705078125,1204.597154814102,1190.370043898487,1202.416039651657,11509215
2025-02-28,1189.82470703125,1206.9270123506615,1183.0830013175257,1191.7084634163882,23007298
2025-03-03,1161.2216796875,1196.1202465389174,1146.1022512006402,1193.6912720117396,17944938
2025-03-04,1151.9517822265625,1163.948157257321,1149.6219272411693,1152.2491409974891,11377373
2025-03-05,1165.534423828125,1172.8710888254677,1147.093702257875,1151.0594540375048,8664095
2025-03-06,1199.2432861328125,1203.5560168880775,1175.0026773522586,1186.7511925218207,14468014
2025-03-07,1239.0992431640625,1244.0564330934674,1201.622838887705,1205.5885908312287,16474965
2025-03-10,1227.796875,1247.2290360950196,1224.8225609234617,1234.340341763354,11931051
2025-03-11,1236.62060546875,1238.801720552263,1219.2208210077197,1229.3830600118497,10089838
2025-03-12,1246.2872314453125,1252.186239348891,1233.3489166666827,1247.2290491693625,11977555
2025-03-13,1237.2154541015625,1253.326320946517,1233.2000819547634,1249.2614495168184,9505270
2025-03-17,1228.242919921875,1246.6341428999226,1222.5421515247892,1231.514713672869,16640917
2025-03-18,1228.242919921875,1228.242919921875,1228.242919921875,1228.242919921875,0
2025-03-19,1236.471923828125,1242.5196714129374,1228.1934407470596,1230.4241762433128,16162399
2025-03-20,1258.283447265625,1262.1004590128364,1239.3470073959113,1241.1315230182402,15971477
2025-03-21,1265.421875,1270.0320859338292,1259.225387461291,1264.0834578966683,21780769
2025-03-24,1290.951416015625,1294.8180484818179,1273.2542716407156,1279.946478246575,20299319
2025-03-25,1274.4439697265625,1296.50346593687,1271.6183955406093,1296.50346593687,13713899
2025-03-26,1262.150146484375,1282.7224842048433,1257.8869148358597,1279.9464094999762,12074747
2025-03-27,1267.2559814453125,1273.9978081396894,1260.4151561828103,1267.2064821612498,15028056
2025-03-28,1264.1824951171875,1284.6557128160619,1258.1347478785124,1269.0405652360093,18147129
2025-04-01,1241.8751220703125,1266.9585500115554,1238.603449529153,1253.7723771839194,12099648
2025-04-02,1240.4376220703125,1244.7999732789833,1233.2496968938563,1236.868469635997,10142590
2025-04-03,1238.008544921875,1241.0820994494682,1222.4926375090713,1222.4926375090713,7434366
2025-04-04,1194.38525390625,1234.7863505024063,1182.9342181609516,1230.473619610667,17908652
2025-04-07,1155.71923828125,1161.2217676393545,1105.3046397460778,1122.506064991245,22156106
2025-04-08,1172.0780029296875,1186.3547349162204,1153.3399207865864,1161.9653833278503,19555040
2025-04-09,1175.2010498046875,1179.613021672609,1157.9996241138485,1159.4867811653644,10223104
2025-04-11,1208.5133056640625,1212.1816988912137,1184.917153801556,1184.917153801556,11224242
2025-04-15,1229.4822998046875,1240.288998738938,1226.5079856590305,1240.288998738938,13378535
2025-04-16,1228.689208984375,1230.2754856402491,1218.477348782242,1223.5336585713449,8248464
2025-04-17,1263.5877685546875,1269.238916912585,1217.0893007676923,1229.5813957339365,15398401
2025-04-21,1284.407958984375,1289.761748514388,1256.151975324742,1259.126289394177,10429964
2025-04-22,1280.1446533203125,1292.7359881039044,1275.286704106908,1288.8693558313819,13051707
2025-04-23,1288.869384765625,1294.8180126953125,1274.3944143417477,1285.8950708007812,10480888
2025-04-24,1290.4556884765625,1293.3308829080645,1279.2525115884996,1281.3345072026398,10468940
2025-04-25,1289.2659912109375,1313.85358083958,1277.071255478384,1292.3394247863746,14431012
2025-04-28,1357.080322265625,1362.830589793996,1308.8963407951755,1328.5268607294433,31104496
2025-04-29,1387.7156982421875,1398.8198762816546,1358.2700385179512,1359.2614765022709,32538970
2025-04-30,1392.9703369140625,1400.3070020394923,1357.2785702742715,1389.9960230274132,25480745
2025-05-02,1407.6436767578125,1414.4845019236116,1397.0352178747166,1401.8932881277126,13007841
2025-05-05,1419.0452880859375,1427.1750314493302,1414.6829365878357,1418.747808269532,12685649
2025-05-06,1408.7342529296875,1419.7391903256466,1398.5223933042987,1418.7477523435755,14084117
2025-05-07,1393.9617919921875,1412.2042749259901,1390.6899982666434,1408.7342420156256,13440169
2025-05-08,1394.9532470703125,1408.6351396947061,1386.030305191398,1392.0780527042998,16106175
2025-05-09,1365.408447265625,1382.8578539346386,1362.731612914777,1373.6374315703338,13668904
2025-05-12,1424.20068359375,1426.679278587822,1388.0131966802994,1388.0131966802994,10674081
2025-05-13,1403.5787353515625,1435.3047515134413,1400.307062549957,1421.2263802516663,11407896
2025-05-14,1412.2042236328125,1417.6571322938998,1403.380401776207,1407.8418724989147,5570160
2025-05-15,1441.7491455078125,1448.8875719918406,1400.6044669576877,1412.7992032271827,20177211
2025-05-16,1443.9302978515625,1448.4908883531898,1434.9082364412498,1440.757623701411,9036695
2025-05-19,1428.4638671875,1442.1456384779733,1425.886031660542,1439.667043567546,6195791
2025-05-20,1412.402587890625,1432.6279478297215,1409.6266340324114,1425.8861208416395,11270560
2025-05-21,1416.963134765625,1423.9032007341596,1405.9581972205492,1411.7085860045363,6136364
2025-05-22,1397.332763671875,1411.6094953044076,1384.9397884743898,1409.031659643212,12134466
2025-05-23,1414.5838623046875,1421.5239286750705,1394.5567410207764,1394.5567410207764,6474883
2025-05-26,1422.5152587890625,1428.6621258406371,1412.898237790455,1419.7391840414937,4842944
2025-05-27,1409.9239501953125,1424.696400543767,1401.794207036506,1413.8897021801247,12640414
2025-05-28,1400.802734375,1410.4196342901241,1398.6214982222443,1407.9410393609537,5944611
2025-05-29,1405.660888671875,1407.842003929875,1396.5395861721686,1400.0096192804465,13771917
2025-05-30,1408.7342529296875,1418.3511529457182,1397.6300749154059,1405.8590585766528,13788484
2025-06-02,1401.5958251953125,1405.3633379328091,1383.650821945961,1400.0095486308933,8098668
2025-06-03,1393.4661865234375,1414.2863856817387,1391.384190812638,1410.1223942601396,11252626
2025-06-04,1411.31201171875,1413.4931269376204,1394.0609660849138,1402.5873087929724,8126827
2025-06-05,1430.0501708984375,1442.244785474372,1411.4110884077945,1415.7734397380668,13716817
2025-06-06,1431.1407470703125,1439.0722510374496,1424.6964000970136,1428.6621520805822,8182161
2025-06-09,1436.3953857421875,1445.0208477095387,1432.9253528317358,1444.5251287223314,7885125
2025-06-10,1426.1834716796875,1441.4516401070769,1423.704876838395,1437.5850079496329,7913181
2025-06-11,1436.4945068359375,1456.0257865422643,1430.7441181682645,1433.4210733170682,8195700
2025-06-12,1429.257080078125,1444.5252503749707,1422.1187744712338,1441.0552171722854,8828114
2025-06-13,1415.67431640625,1423.2092208521976,1402.1907840779525,1411.8076840776937,9757276
2025-06-16,1425.4896240234375,1430.0502146798779,1412.204330439343,1414.6829254727506,8458093
2025-06-17,1418.946044921875,1435.6022520574631,1413.59237643736,1435.6022520574631,10366599
2025-06-18,1417.85546875,1430.4468040463896,1413.4931173168031,1417.7563491543892,6681735
2025-06-19,1421.0281982421875,1427.5716651338516,1413.4931722804179,1417.8555238832446,10007230
2025-06-20,1453.6463623046875,1458.4053131642288,1415.8725983169522,1418.7477927518771,29010635
2025-06-23,1444.326904296875,1451.266970188698,1429.6535737155343,1440.5593915455418,5989078
2025-06-24,1438.3782958984375,1462.3710470398119,1430.744150698803,1452.4566670598808,16402744
2025-06-25,1454.737060546875,1459.7933702625824,1447.9952335758323,1451.4652666586912,7525851
2025-06-26,1482.497314453125,1485.9673475108061,1452.5558137403293,1456.5215658062507,14657893
2025-06-27,1502.4251708984375,1508.9686374999123,1484.083567880206,1486.5621628826696,11117052
2025-06-30,1487.7518310546875,1511.7447031481738,1483.191240482831,1500.838885203447,8409527
2025-07-01,1515.3138427734375,1518.2881567329412,1487.256099345396,1487.7518183386467,10368523
2025-07-02,1505.7960205078125,1516.900077238324,1495.7824003020085,1515.3138007089854,6361002
2025-07-03,1504.8046875,1518.7839394915495,1500.0457365549344,1507.7790015843786,11283291
2025-07-04,1514.223388671875,1516.900223008299,1504.2097675037892,1510.9515946827762,6603501
2025-07-07,1528.3016357421875,1531.5734294639212,1511.9429091838053,1513.5291857359532,7251074
2025-07-08,1524.4349365234375,1531.672481820406,1517.0982716385254,1522.8486600409224,7171261
2025-07-09,1505.9942626953125,1537.7202774459709,1497.1704406377573,1523.5426661942138,8870660
2025-07-10,1504.2095947265625,1511.6453792793734,1494.5926951149827,1506.6881895774993,10047129
2025-07-11,1482.3980712890625,1502.0285923917668,1477.540121836759,1499.0542783474266,7234991
2025-07-14,1470.9964599609375,1487.1569471972039,1466.4358695278945,1479.4236826617216,10311846
2025-07-15,1472.6820068359375,1483.6869442622558,1469.7076928815193,1473.4750846086956,8132454
2025-07-16,1472.8802490234375,1478.234038357326,1458.9009976142222,1460.388154594461,10409983
2025-07-17,1463.7591552734375,1476.8460890701654,1461.2805601585153,1474.6649737790947,11854613
2025-07-18,1463.362548828125,1472.0872520008465,1456.5216021387357,1472.0872520008465,10296318
2025-07-21,1416.3682861328125,1463.362470991638,1410.9153771961905,1452.4566531183941,22442744
2025-07-22,1400.70361328125,1419.640054314783,1398.6214967228645,1415.178583447059,20396320
2025-07-23,1412.402587890625,1413.7906253323065,1402.2899684336514,1413.7906253323065,8354596
2025-07-24,1390.888427734375,1410.81630780687,1384.0474811654185,1407.0487949065318,14740507
2025-07-25,1379.7841796875,1389.0046012536307,1372.2492752918665,1386.9226057137396,11854722
2025-07-28,1375.71923828125,1395.7463569486692,1373.1415238854815,1380.3790691362324,7748361
2025-07-29,1404.9666748046875,1408.04010820105,1371.1586653944225,1371.1586653944225,10750072
2025-07-30,1398.026611328125,1411.113664716939,1389.3020300940545,1405.9581148273558,7209849
2025-07-31,1378.2969970703125,1390.5908519212596,1370.365493427784,1376.215001569177,17065827
2025-08-01,1381.76708984375,1393.8627060383,1372.4476694796913,1375.025384070285,10321171
2025-08-04,1399.4146728515625,1403.975263237478,1379.7841529413568,1383.155066191865,6312820
2025-08-05,1379.7841796875,1398.918980991344,1376.2150271869518,1398.918980991344,9315972
2025-08-06,1380.874755859375,1383.9481891450812,1371.4560958071288,1379.9824375441353,5834312
2025-08-07,1377.5040283203125,1381.7671392504185,1354.3043541251445,1375.818511047819,9976705
2025-08-08,1356.0888671875,1385.2370458989403,1353.312792536344,1373.1415514013454,8793606
2025-08-11,1374.331298828125,1376.1159356273254,1349.5453489789295,1358.2700517359046,9997486
2025-08-12,1368.5810546875,1389.8969719255274,1363.4255044148417,1370.0682117041065,12244664
2025-08-13,1370.7620849609375,1379.8833867126677,1365.7057756228248,1376.115874093997,7457021
2025-08-14,1367.4774169921875,1374.3455639562076,1363.794372575189,1370.961308962897,7126128
2025-08-18,1375.3409423828125,1388.4802648218374,1370.6626218339861,1383.602791829514,11785109
2025-08-19,1413.564208984375,1414.460091190419,1382.7068811681168,1383.6027633741608,14384719
2025-08-20,1406.4969482421875,1418.342205158243,1403.510755146132,1406.4969482421875,8725641
2025-08-21,1418.24267578125,1425.3099750709036,1413.7633861810953,1418.4417067156319,11021323
2025-08-22,1402.71435546875,1416.84907536351,1401.4204113959267,1413.464698965694,5818868
2025-08-25,1406.0987548828125,1412.9670232567023,1399.230486508923,1408.1890657335161,5979407
2025-08-26,1378.5262451171875,1403.5107021083375,1375.241384232256,1401.519906786198,12145259
2025-08-28,1379.521728515625,1385.7926612650012,1360.2109883890075,1383.50331940736,13161813
2025-08-29,1350.9537353515625,1397.0406983353935,1343.7869203796088,1374.7437651325777,18758842
2025-09-01,1347.6689453125,1356.9260708455383,1334.430107544873,1349.759256141992,11232238
2025-09-02,1360.2109375,1378.128095842481,1348.2661652716795,1348.5648331807902,11517006
2025-09-03,1366.2828369140625,1370.1649121838109,1354.2385492379765,1363.3961593284287,7847563
2025-09-04,1353.0440673828125,1367.6763641601647,1350.8541196588233,1365.4865379446771,13223177
2025-09-05,1368.671875,1374.6442613636364,1353.0441792852228,1356.7271022727273,5777575
2025-09-08,1372.15576171875,1379.6212446443146,1366.0838599076599,1373.6488583038629,6986720
2025-09-09,1369.8662109375,1374.843199236951,1362.4007284883235,1370.2643943031567,9754452
2025-09-10,1370.66259765625,1382.1096709119122,1367.7759200987732,1377.5308659113482,7790815
2025-09-11,1376.9337158203125,1379.1235422027225,1368.6718661340626,1369.6672638548873,9766072
2025-09-12,1388.579833984375,1389.873899637371,1374.146566892781,1376.9337291414593,7403368
2025-09-15,1392.8599853515625,1394.3530818320328,1382.2091575524387,1386.5889315301856,5396697
2025-09-16,1398.8323974609375,1401.5199225726963,1391.7649767809332,1398.2350616507645,8686961
2025-09-17,1407.2933349609375,1409.6821922648512,1400.4250664409112,1400.5245819104894,7519417
2025-09-18,1408.4876708984375,1415.4554544293837,1404.2074124117412,1413.8628424954393,9332642
2025-09-19,1400.9227294921875,1410.4785229891424,1397.1401696768169,1408.3882121473878,13461373
2025-09-22,1384.199951171875,1404.2074196840813,1381.6119415772491,1397.4387885526373,7757970
2025-09-23,1383.40380859375,1388.5798281670254,1370.4636381520502,1384.5982372618869,14014702
2025-09-24,1376.635009765625,1389.5751797778832,1374.0470000648747,1378.9244730635044,5922759
2025-09-25,1366.0838623046875,1378.128150477363,1362.6994857374575,1374.942926360271,11411143
2025-09-26,1371.2598876953125,1376.3363918134596,1359.7132983361805,1365.685684712474,9879109
2025-09-29,1366.48193359375,1382.6073268149732,1361.7039763015719,1375.2413599514077,14231999
2025-09-30,1357.722412109375,1370.7620971908361,1356.5279835173724,1370.7620971908361,14604684
2025-10-01,1362.4007568359375,1372.255218175594,1356.4283707523282,1360.7086293823172,12045916
2025-10-03,1357.125244140625,1365.287456651113,1350.6551591113212,1356.926091696157,12842347
2025-10-06,1368.671875,1371.0608538471567,1352.7455113636363,1353.740909090909,12396580
2025-10-07,1378.4267578125,1389.47564777439,1369.5676941462978,1369.667209612737,11244040
2025-10-08,1361.1068115234375,1382.6073771032557,1358.2201339506064,1378.426755451918,8525081
2025-10-09,1371.458984375,1373.6488106871855,1362.7989515764332,1367.676424553763,8826633
2025-10-10,1375.3409423828125,1381.6119964455866,1368.7713419175536,1371.45898859096,6373084
2025-10-13,1368.671875,1371.3594002602317,1361.505059967041,1370.5631549835205,7600682
2025-10-14,1369.5677490234375,1381.612037149334,1363.7943936365562,1373.6488553790207,9768174
2025-10-15,1367.97509765625,1377.6304066718624,1366.382364141153,1376.6350089791804,10882743
2025-10-16,1391.8646240234375,1394.0544503152107,1368.671809484766,1368.7713249510273,12315932
2025-10-17,1410.279541015625,1416.7496262080865,1392.6609284325848,1394.5522084059296,19335561
2025-10-20,1460.04931640625,1467.0170999313523,1426.7034952504036,1433.3726108781723,24721978
2025-10-21,1458.4566650390625,1467.2162134241023,1453.2806455896807,1461.2438272093502,2066169
2025-10-23,1441.7340087890625,1476.0752283864208,1437.9514490416038,1468.2115624957596,18707090
2025-10-24,1444.9193115234375,1453.0816457634617,1434.3681199531734,1443.3266994671071,9700837
2025-10-27,1477.2696533203125,1478.16553552233,1451.289798512833,1456.266786847925,14113867
2025-10-28,1480.056884765625,1485.1333888036675,1470.79963742504,1477.26972256393,17631577
2025-10-29,1497.277099609375,1501.3583271895798,1481.2512217130793,1483.1425015536738,11884745
2025-10-30,1481.6494140625,1496.1821955688695,1477.1701246011085,1493.0964871305005,9318663
2025-10-31,1479.5592041015625,1490.6080945575152,1475.4780977270138,1483.540795005222,8758053
2025-11-03,1477.866943359375,1488.1195884585134,1472.4918928888083,1479.1610089962214,8452085
2025-11-04,1466.3203125,1485.9297198935935,1463.334119430687,1477.07065615293,10007806
2025-11-06,1489.2144775390625,1494.6891648996161,1469.406038969176,1477.1701896475465,16772678
2025-11-07,1471.19775390625,1491.5038906434634,1469.1074431042953,1487.7213309001133,7821765
2025-11-10,1482.44580078125,1494.0919049344996,1468.7092643110286,1471.0982430243503,7068438
2025-11-11,1486.5269775390625,1491.9021495222175,1473.3876547459602,1490.1103850249956,7127506
2025-11-12,1504.5435791015625,1517.6827797499902,1493.0965058897411,1498.0734942427068,12384459
2025-11-13,1503.9464111328125,1515.0948167835015,1499.8653048593553,1508.0275174062697,7196443
2025-11-14,1511.9095458984375,1513.900341239272,1498.5711928131457,1498.5711928131457,7682823
2025-11-17,1511.3123779296875,1516.6874283079178,1504.5436249599409,1513.900387650411,5871416
2025-11-18,1512.4072265625,1520.7685911952462,1503.5481631005248,1514.696568271851,11045042
2025-11-19,1511.9095458984375,1515.2939222795571,1505.0412776708577,1510.4164493928117,5692366
2025-11-20,1541.9705810546875,1543.7623455509595,1519.6736478639639,1522.9585089376258,18171724
2025-11-21,1539.4820556640625,1550.6305827884978,1533.0119706260582,1533.9078528560988,9615271
2025-11-24,1528.831298828125,1542.8663816107544,1524.7501927010492,1542.8663816107544,18433951
2025-11-25,1532.61376953125,1552.4222077972818,1518.0809876078647,1528.8313312270848,15033482
2025-11-26,1562.6748046875,1564.3669320995493,1533.4100892950657,1535.2018536795324,14054299
2025-11-27,1556.2047119140625,1568.2489991897637,1548.8387449947777,1567.7513003642512,9794643
2025-11-28,1560.285888671875,1574.0224254817672,1555.806599039324,1560.7835875199362,8959508
2025-12-01,1558.892333984375,1570.2398922139623,1556.403839701944,1567.7513979315313,8920233
2025-12-02,1539.1834716796875,1560.2858537619331,1534.9032130787248,1553.9152843475838,11389150
2025-12-03,1531.718017578125,1545.2554018922647,1525.9446623591427,1538.0884656023031,6090883
2025-12-04,1528.53271484375,1553.3181423785347,1510.6155558800758,1528.9308982335338,11867930
2025-12-05,1533.5096435546875,1538.685784402705,1513.6016899280953,1523.356635808528,10183266
2025-12-08,1535.898681640625,1543.861863398969,1527.9354998822807,1532.1161217020071,11301491
2025-12-09,1522.3612060546875,1535.4008911036892,1513.1039592099478,1533.211064854301,11503971
2025-12-10,1529.8267822265625,1540.3779737710465,1524.3520947592017,1526.9401045329791,7991629
2025-12-11,1537.889404296875,1542.8663926602953,1516.9860531705099,1529.826707449835,4706197
2025-12-12,1549.3365478515625,1552.62140892391,1538.9843872841,1543.6628294631555,5106655
2025-12-15,1549.037841796875,1551.4268205626304,1539.3825327747268,1544.060853330096,5774543
2025-12-16,1535.201904296875,1544.5585453663573,1531.7180123854912,1537.8894294536826,11731856
2025-12-17,1537.292236328125,1542.8664391614582,1532.2157323461342,1542.8664391614582,7116649
2025-12-18,1537.292236328125,1544.3595357154854,1528.1345045583196,1528.1345045583196,6580829
2025-12-19,1557.8968505859375,1566.9549449740825,1543.8617679066683,1547.2461442463334,13937275
2025-12-22,1568.1495361328125,1570.2398469681211,1558.0960438231807,1566.2582562309594,10184852
2025-12-23,1563.4710693359375,1573.6241984599117,1560.8830596994947,1573.6241984599117,7506564
2025-12-24,1551.0286865234375,1568.448146711295,1546.4498812900458,1565.4619535362338,8815745
2025-12-26,1552.0240478515625,1553.8158123179846,1547.1466963201515,1547.5447581940155,2311495
2025-12-29,1538.4866943359375,1550.9291658570105,1536.495898892566,1547.7439417510202,5972105
2025-12-30,1532.71337890625,1546.449793829553,1530.7225835687998,1539.8801935176687,8815884
2025-12-31,1563.172607421875,1569.7422080874378,1533.9078900841737,1533.9078900841737,5771830
