Price,Close,High,Low,Open,Volume
Ticker,TCS.NS,TCS.NS,TCS.NS,TCS.NS,TCS.NS
Date,,,,,
2021-01-01,2521.07421875,2531.1903707419106,2478.6724752945443,2479.533424400239,2681440
2021-01-04,2616.81201171875,2626.540779746348,2532.0085152654137,2539.800147587225,5113293
2021-01-05,2662.9150390625,2681.210203815193,2616.9404503021897,2616.9404503021897,5801309
2021-01-06,2627.185546875,2680.5643782386737,2614.8739356671163,2668.94156818368,3726716
2021-01-07,2611.086181640625,2652.4548233256423,2583.062249518992,2647.418187574669,3717827
2021-01-08,2686.935546875,2693.0483686173875,2634.5038388648354,2660.332307873314,5879039
2021-01-11,2734.76171875,2780.865584960239,2709.019424811484,2780.865584960239,9508039
2021-01-12,2733.38427734375,2763.6465535020798,2711.9896085768073,2734.761669759502,3611458
2021-01-13,2719.6953125,2735.235486908283,2691.5423169490145,2733.513588584765,3572801
2021-01-14,2804.01318359375,2817.642108404087,2691.617988643426,2721.4636008005186,6931542
2021-01-15,2789.04736328125,2824.1114607421646,2768.905861020876,2790.4705484120045,4131692
2021-01-18,2779.041259765625,2809.231822066175,2749.411295099311,2803.4093564796403,4160906
2021-01-19,2812.638671875,2828.4240632946203,2787.882455800004,2788.7450431935063,2975735
2021-01-20,2854.129638671875,2870.648105502872,2818.1597810756234,2820.6612006556556,3453446
2021-01-21,2823.982421875,2854.4315948546932,2813.84701785,2850.851940648889,2778546
2021-01-22,2849.21240234375,2868.1029813523014,2796.421887265517,2796.421887265517,3052459
2021-01-25,2839.033935546875,2880.869424208278,2828.1220786435315,2854.258518832995,2272887
2021-01-27,2812.94091796875,2852.1023049644546,2783.5697724256493,2846.5386578880207,2786662
2021-01-28,2757.30322265625,2824.9731480067812,2746.3052355914906,2786.1567230723367,3083938
2021-01-29,2683.811279296875,2774.8142462015344,2674.0208284781415,2768.948610007639,5445659
2021-02-01,2707.9638671875,2730.089149995435,2625.8024164648887,2674.020968399952,3985846
2021-02-02,2763.25537109375,2780.981583042147,2717.150119907805,2737.852216059484,2881837
2021-02-03,2760.3232421875,2791.333221488159,2728.062342505683,2771.493708480054,2505866
2021-02-04,2750.317138671875,2792.929088556471,2739.5779661560728,2774.1246384838455,2057261
2021-02-05,2724.008056640625,2765.3261227769435,2699.0361915221556,2759.3741428830053,2366135
2021-02-08,2772.4423828125,2782.707089139848,2721.5926846096877,2751.2226474927297,2526592
2021-02-09,2740.353515625,2799.78590709136,2729.2262236656798,2755.9664300290287,2658751
2021-02-10,2771.751953125,2777.0136095650437,2723.447061886596,2747.3406891842124,2127983
2021-02-11,2765.455078125,2776.9275321396753,2747.383915038683,2773.218364370516,1165882
2021-02-12,2752.343994140625,2799.52748410672,2744.7531826922145,2746.650832906159,2777404
2021-02-15,2708.395263671875,2768.043101041877,2701.235745785617,2768.043101041877,2630853
2021-02-16,2681.612060546875,2732.3752085365327,2674.0212484327935,2717.1506234075164,3435770
2021-02-17,2650.817138671875,2702.3567302902675,2627.0528162339115,2678.4199325093405,3678426
2021-02-18,2637.231689453125,2672.209440285452,2614.5024270724384,2643.8303988706775,4189909
2021-02-19,2649.73974609375,2662.9371676147,2601.6934493368462,2637.792823854593,3725028
2021-02-22,2551.921630859375,2670.570568892352,2538.724001627138,2670.570568892352,5366696
2021-02-23,2570.683349609375,2611.9150762204226,2560.1598237193575,2561.8849988027264,3832829
2021-02-24,2542.994140625,2590.6520971446007,2519.7472404187038,2563.6098964027583,3774549
2021-02-25,2583.70849609375,2613.5538985691696,2560.547936448802,2565.335339405835,4224073
2021-02-26,2496.586669921875,2563.9116563447387,2484.251628398456,2553.2586180761905,5553153
2021-03-01,2522.37841796875,2557.572031379109,2503.0565414965754,2523.9311176442743,3265871
2021-03-02,2593.239990234375,2609.3271627195363,2542.907925850312,2553.258975752009,3306469
2021-03-03,2638.74072265625,2642.967315915293,2585.0876275993032,2617.9522858364603,3509857
2021-03-04,2630.63232421875,2658.0194697187035,2601.6063471621355,2607.6012864995123,3916760
2021-03-05,2594.706298828125,2642.2779138838096,2584.8297143482514,2601.6501701271904,3203686
2021-03-08,2593.75732421875,2616.2277697005156,2584.312033637568,2601.563782860783,2003125
2021-03-09,2631.711181640625,2645.469409575345,2580.9480357307766,2593.7573332178704,1942397
2021-03-10,2648.962890625,2668.155461410439,2639.517600154739,2652.456411920203,3053778
2021-03-12,2637.74951171875,2688.685347801896,2623.4306849869185,2652.4566713156337,2938317
2021-03-15,2644.82177734375,2673.1578523682315,2623.1277925304266,2623.1277925304266,3097083
2021-03-16,2682.690673828125,2709.387718589675,2639.518121262148,2639.518121262148,4894756
2021-03-17,2685.191162109375,2721.463001120806,2661.3407068912707,2678.3336350174654,3838390
2021-03-18,2619.246826171875,2714.0882754209074,2576.591918330186,2696.4052324647,3656306
2021-03-19,2631.06396484375,2673.158270794075,2592.075057675442,2613.639742015504,5776626
2021-03-22,2699.596435546875,2708.0498337575755,2603.8492389926228,2629.770031169302,2821646
2021-03-23,2710.767578125,2733.539804025609,2693.7314748970084,2708.5247663743808,3305973
2021-03-24,2692.221435546875,2719.134118480695,2683.6385230256433,2683.6816945112373,2207104
2021-03-25,2643.701171875,2700.631942315349,2630.8916642888676,2684.5445603732155,3179786
2021-03-26,2645.383056640625,2689.547489004796,2624.8966060749212,2665.9556395899776,3697370
2021-03-30,2724.52587890625,2750.317161758501,2640.294080434551,2659.3573490419767,4694008
2021-03-31,2741.173095703125,2764.592256320721,2701.623384335881,2721.4628919475426,3530069
2021-04-01,2730.0888671875,2773.218233177824,2712.8371207913706,2752.602480471492,4285076
2021-04-05,2793.834228515625,2814.622668965383,2718.012880756948,2735.2646286513113,5317862
2021-04-06,2816.089111328125,2824.973803883292,2786.157369936804,2824.973803883292,2291562
2021-04-07,2821.868408203125,2827.1734472042103,2790.297834912281,2811.1724084069633,2491268
2021-04-08,2861.50439453125,2876.728977898369,2817.2536188096706,2820.6607969198403,2578118
2021-04-09,2865.7314453125,2893.420589492233,2853.4395729080443,2893.1185996171644,2911129
2021-04-12,2800.43359375,2879.403524412328,2771.666215324672,2865.7314277949345,3791828
2021-04-13,2677.514404296875,2772.355844796707,2650.7741954640505,2772.355844796707,8654596
2021-04-15,2776.625732421875,2792.411124320326,2663.195486735529,2726.035064495398,6062760
2021-04-16,2756.0966796875,2800.821930883708,2745.2713738060534,2785.2953541187226,3224657
2021-04-19,2727.328857421875,2750.7911923595366,2704.297816180099,2733.539444524105,2679106
2021-04-20,2712.44921875,2782.146321965287,2696.750170373957,2781.844332141803,3141893
2021-04-22,2690.238037109375,2715.4255509270147,2678.549933931421,2715.4255509270147,1988980
2021-04-23,2682.21533203125,2690.40991175606,2666.3006377368515,2678.333689003708,1615309
2021-04-26,2674.711181640625,2719.7382039838667,2663.7131917577217,2675.78941594287,2490260
2021-04-27,2701.624267578125,2705.1609608500166,2676.6092280635125,2679.196990771921,1471417
2021-04-28,2694.809326171875,2718.012842526371,2684.371934605543,2717.107083656132,1639037
2021-04-29,2687.175537109375,2723.490552768404,2678.765309523526,2713.35515029315,1621395
2021-04-30,2618.513671875,2701.667233603313,2605.0142616765515,2673.158674481998,3072305
2021-05-03,2619.67822265625,2635.2047975682726,2591.212835317542,2609.2408297283305,1545831
2021-05-04,2630.676025390625,2665.3951695899764,2617.952860746142,2641.9328335166438,1990777
2021-05-05,2670.312255859375,2673.5037876990805,2632.9621725538914,2648.1437977814962,1939289
2021-05-06,2683.897705078125,2703.349094381819,2651.5938468824866,2678.765351819636,1791671
2021-05-07,2702.399658203125,2725.646554328508,2684.199192594216,2702.486001169855,1912540
2021-05-10,2713.268798828125,2729.3991418750993,2695.585756267013,2713.6569210585,2137153
2021-05-11,2693.515869140625,2698.260100491733,2666.387323213347,2695.5859949476826,2415625
2021-05-12,2663.3251953125,2691.272945509579,2648.661208109403,2691.272945509579,1978558
2021-05-14,2632.185546875,2672.7271561501516,2622.2657914140586,2672.7271561501516,2043935
2021-05-17,2647.928466796875,2652.629527420919,2618.8161332992304,2635.20529882383,2890462
2021-05-18,2664.3603515625,2694.7233898934733,2655.044364306053,2674.021289586993,2098538
2021-05-19,2658.494384765625,2689.5475313754764,2645.641916655821,2660.2195595772832,1986041
2021-05-20,2639.517822265625,2664.3603850643035,2632.7034650661194,2645.6422779203626,2329027
2021-05-21,2657.20068359375,2663.8425649498754,2635.291046239091,2640.3802280410546,1685566
2021-05-24,2658.062744140625,2678.3335455319293,2649.8681648547786,2658.062744140625,1652260
2021-05-25,2699.236083984375,2711.588079551741,2671.5850346966977,2680.166336441775,1841613
2021-05-26,2737.809326171875,2743.4435704714215,2690.3950356987057,2704.4372637822544,1923753
2021-05-27,2756.4453125,2789.167265502162,2740.669472847345,2740.7994092035597,5959785
2021-05-28,2724.89404296875,2772.0482500019803,2718.0027593529935,2764.680391926616,1763701
2021-05-31,2738.37255859375,2748.08096384286,2711.8917807222774,2730.441361193668,1652799
2021-06-01,2733.0419921875,2747.734325938931,2714.839048376546,2746.5642636676007,1377441
2021-06-02,2712.62841796875,2738.6326212021613,2700.1031024025397,2731.1782099155653,2240078
2021-06-03,2722.857177734375,2734.385751842096,2706.7344847268523,2734.385751842096,1281706
2021-06-04,2725.024169921875,2736.379424869507,2708.7715406778084,2711.3719613568587,1836060
2021-06-07,2759.2197265625,2765.5040766895518,2716.2262305979943,2726.107744769349,2559821
2021-06-08,2773.911865234375,2800.652941291355,2762.686758815591,2772.048315150032,2574057
2021-06-09,2773.999267578125,2791.1187068515155,2761.8205861755296,2775.516179918805,1710925
2021-06-10,2788.344482421875,2794.585449786669,2767.7144358464125,2782.4501531684887,1874324
2021-06-11,2837.752197265625,2868.2637548720177,2783.316686882457,2783.7934729559292,3452954
2021-06-14,2839.962646484375,2868.003720504315,2834.761805496382,2842.2595999383007,1847360
2021-06-15,2828.173828125,2858.7287671921695,2818.46563449062,2858.7287671921695,1304985
2021-06-16,2838.22900390625,2855.868395770496,2819.7225935967435,2827.610620330609,1635552
2021-06-17,2875.84912109375,2891.7117326040616,2825.791013417414,2830.5584522437316,2273413
2021-06-18,2858.121826171875,2910.7369514934426,2838.7919940860706,2904.582539162514,3380431
2021-06-21,2837.1455078125,2848.327231222669,2818.595714756018,2830.124287870364,1130569
2021-06-22,2861.50244140625,2883.9094808610066,2847.460214181411,2863.9295426652607,1708688
2021-06-23,2827.003662109375,2885.5998874590587,2822.6696280338883,2885.5998874590587,1467104
2021-06-24,2924.25927734375,2932.4071759799676,2841.8258724358034,2846.593309464444,4155204
2021-06-25,2930.500732421875,2946.839915081533,2903.803038282662,2925.6899119294194,2722861
2021-06-28,2892.3173828125,2939.7750517145705,2889.0668575452346,2939.7750517145705,1355238
2021-06-29,2895.87158203125,2917.9317727636685,2883.432819803857,2896.8683252020114,1497322
2021-06-30,2900.119140625,2931.5408902618997,2893.83479069762,2900.335842346634,1693146
2021-07-01,2896.43505859375,2914.2045988305217,2888.50386064937,2910.737371467249,990310
2021-07-02,2882.522705078125,2894.874702296693,2856.3017987018657,2887.3335252667507,1682274
2021-07-05,2878.66552734375,2924.606290050531,2862.196197316791,2896.8684710577572,1972858
2021-07-06,2827.78369140625,2884.7328523262436,2822.4095319025464,2871.7307511288595,2159420
2021-07-07,2838.74853515625,2845.4662870228362,2809.840658936255,2838.7919178154184,2640710
2021-07-08,2824.48974609375,2858.7286121274165,2801.432602292869,2858.7286121274165,2485811
2021-07-09,2780.8466796875,2844.8604586920123,2774.649094537822,2817.1226358162826,6365067
2021-07-12,2767.80078125,2804.9867070246833,2763.6834490935203,2804.1199002548983,1892226
2021-07-13,2762.990478515625,2785.9174795432514,2752.1120091940957,2785.9174795432514,1809339
2021-07-14,2786.39404296875,2792.8517117716633,2760.7798578500147,2762.5134715755094,2044279
2021-07-15,2782.39794921875,2807.503464302064,2774.623139694448,2803.8114955031597,2232968
2021-07-16,2775.318115234375,2797.0790558997232,2772.8857169254143,2791.128386115713,1256526
2021-07-19,2766.457275390625,2779.66144992292,2758.9863835986816,2762.461177532685,1597058
2021-07-20,2784.873291015625,2792.8652736430404,2741.742289476744,2766.456927895607,1811945
2021-07-22,2794.038818359375,2801.50949904565,2771.1485254858558,2771.1485254858558,2859334
2021-07-23,2790.998046875,2815.9296512858455,2785.6119465337315,2805.896141243119,1776193
2021-07-26,2777.70654296875,2800.900747260953,2771.8863062489186,2779.8348115794524,1259611
2021-07-27,2765.024169921875,2788.522509498278,2746.0864980011934,2779.8355234873798,1121367
2021-07-28,2777.923583984375,2783.7003430905816,2721.1105855038863,2769.410297866369,1660654
2021-07-29,2776.1865234375,2801.943347409682,2771.4086820063676,2780.052189087591,1731997
2021-07-30,2751.558349609375,2800.248931063387,2747.1281155917827,2796.3397887678125,2999943
2021-08-02,2796.688232421875,2801.4660747977546,2751.168509892799,2762.461591872151,2608669
2021-08-03,2853.587890625,2858.0183382323976,2796.2972614898176,2805.027724666387,3804735
2021-08-04,2844.075439453125,2871.22226784343,2832.9995334698806,2866.7050780162026,2929598
2021-08-05,2852.76220703125,2879.73533608023,2834.128667861765,2844.9873983899706,2534521
2021-08-06,2875.218994140625,2887.554473239944,2836.301250038633,2842.859967627933,2292362
2021-08-09,2886.42431640625,2898.846746739973,2875.391888435514,2887.466712136198,1510489
2021-08-10,2896.154052734375,2910.053229734612,2880.2570387080414,2880.2570387080414,2040777
2021-08-11,2905.1015625,2918.8270416006376,2890.2469449854716,2910.1400563577786,1929707
2021-08-12,2911.66015625,2925.776506675617,2889.2911701909447,2889.2911701909447,1310205
2021-08-13,3008.650146484375,3023.0706256820945,2916.6550648642624,2919.4783348451433,4363584
2021-08-16,3016.9462890625,3035.536563448586,2985.28227245685,3005.6966863671473,2083489
2021-08-17,3086.528564453125,3093.2609763375003,3008.3022394313093,3024.8944619414606,4336019
2021-08-18,3093.044677734375,3122.9713004918467,3072.239389790579,3104.598410915286,2631309
2021-08-20,3092.132568359375,3105.5973962311464,3040.44500330322,3045.657194737454,2836148
2021-08-23,3159.8037109375,3190.729461117312,3094.2169768470135,3109.940503893269,3744176
2021-08-24,3138.781494140625,3185.821646910204,3122.449919318279,3176.830532268057,2511141
2021-08-25,3178.568603515625,3212.2306787783277,3133.439747612621,3136.002366409239,2123263
2021-08-26,3189.730712890625,3203.4127144407685,3168.9252138816178,3179.436550700011,1902533
2021-08-27,3231.688232421875,3239.810647206468,3171.7047782285276,3184.648299412498,3944728
2021-08-30,3215.3134765625,3249.2361919871105,3203.4123507283152,3227.2146023966848,2033114
2021-08-31,3289.283203125,3304.6158580161027,3217.1812317850963,3222.349945144956,3207480
2021-09-01,3227.171875,3315.5619590111364,3220.265763432762,3297.5799401108075,2643336
2021-09-02,3332.978759765625,3352.437520105116,3233.2956131746023,3243.7199945174543,3403717
2021-09-03,3337.583251953125,3350.483297959247,3305.0070568599826,3322.771899500522,1746812
2021-09-06,3346.22705078125,3368.465820064735,3313.216503551321,3344.2290015583035,1723693
2021-09-07,3314.866455078125,3361.8196504818197,3308.220996519753,3356.6509369270207,1585039
2021-09-08,3278.59814453125,3314.0845607693886,3262.831352621186,3309.741068553439,4147175
2021-09-09,3293.583251953125,3308.6117777077047,3270.649697473994,3292.1065069900405,1441148
2021-09-13,3340.449951171875,3346.5741060930313,3272.38733704224,3272.38733704224,1691473
2021-09-14,3375.675048828125,3384.883336759516,3322.771400771243,3344.445383569817,1991188
2021-09-15,3435.3115234375,3457.419856737662,3358.3882327004526,3372.374362683401,2461369
2021-09-16,3390.790771484375,3458.9401238604128,3381.0613910627826,3413.984978155691,2946666
2021-09-17,3325.248046875,3427.016003827826,3305.398198875761,3405.2985386578143,6477148
2021-09-20,3321.46875,3362.7319291879166,3307.873703164557,3308.87262161632,2002008
2021-09-21,3355.739013671875,3363.209906018723,3319.861721221568,3351.438998276078,1568129
2021-09-22,3355.0439453125,3385.187953993705,3346.6176119821243,3355.348074632068,1744067
2021-09-23,3361.21142578125,3369.681235538016,3331.458504327995,3361.8629496086937,2003869
2021-09-24,3362.9921875,3426.49391383993,3348.8323610402954,3379.2368053039554,2320754
2021-09-27,3333.15234375,3391.3986149404177,3303.573120278085,3387.923821277569,1673362
2021-09-28,3282.94140625,3344.4887714625593,3258.7048062205004,3344.4887714625593,2253075
2021-09-29,3294.01806640625,3306.266801239433,3233.4263403457007,3266.1329691904434,2489161
2021-09-30,3279.814453125,3305.397579887502,3257.7061201389893,3305.397579887502,2252412
2021-10-01,3240.41845703125,3309.740625944317,3235.901268147659,3285.199898206016,1578374
2021-10-04,3277.85986328125,3286.8507648768555,3220.655986222067,3235.727988977081,1356860
2021-10-05,3329.98193359375,3335.802171006452,3250.322325208248,3261.0941015516205,1877966
2021-10-06,3310.52294921875,3350.9609058383885,3296.7107282346856,3332.327365878328,1678154
2021-10-07,3381.75634765625,3387.055493405651,3318.4717883990315,3327.115296164053,1647233
2021-10-08,3418.8935546875,3466.0204536607403,3387.9245344817896,3409.6419994464163,2934339
2021-10-11,3201.675537109375,3264.1348795108815,3179.4367688648904,3261.963133084061,11845402
2021-10-12,3173.2255859375,3220.2655276267183,3153.8970431833336,3219.396829075969,5752877
2021-10-13,3175.267333984375,3192.8584820397828,3166.406649973393,3170.7501433204075,3545655
2021-10-14,3143.28076171875,3194.2406932053873,3140.4520744563747,3155.0742541878826,6442299
2021-10-18,3174.352783203125,3179.1833532142864,3134.577130685672,3136.3178613209348,3590107
2021-10-19,3163.037841796875,3211.7349483513485,3155.248115175907,3193.370156269083,3135441
2021-10-20,3141.018310546875,3159.426454063598,3114.4286046403977,3143.7598766054316,2933693
2021-10-21,3074.565673828125,3139.7995159026163,3056.0704096897393,3136.883919403963,4871211
2021-10-22,3045.27783203125,3099.8932567069073,3033.2231871659847,3098.5005871767303,2691670
2021-10-25,3040.142333984375,3058.942308854021,3002.7601880545794,3048.889547465273,2595594
2021-10-26,3031.134765625,3071.519637034841,3024.519903285937,3041.49202936193,3878763
2021-10-27,3037.357177734375,3056.0700308961455,3031.482212206842,3031.482212206842,2510813
2021-10-28,2978.085693359375,3061.9454848556675,2972.297848431525,3061.9454848556675,2424942
2021-10-29,2957.2841796875,3012.334793877842,2947.013824976602,2959.286062701825,3960501
2021-11-01,3025.738037109375,3034.963994875041,2970.513397796722,2992.2725316859896,2020718
2021-11-02,3032.526611328125,3058.115477593055,3019.9498757574916,3041.056233416435,3087414
2021-11-03,3039.533447265625,3063.5989646219014,3016.729917190848,3049.9342708836666,1537639
2021-11-04,3053.806884765625,3057.81064982747,3050.6301366669845,3057.549497759696,328991
2021-11-08,3048.671875,3088.0559025051743,3029.9154613914975,3088.0559025051743,2526082
2021-11-09,3051.2392578125,3076.741000826848,3042.79675781914,3053.2411402830503,1782692
2021-11-10,3032.614013671875,3063.4248618840948,3029.0454307612417,3044.5379763984556,1516489
2021-11-11,3036.00830078125,3055.0258682331873,2990.5752730659246,3028.8713475755,1284514
2021-11-12,3068.951904296875,3076.0017364113014,3033.832576061058,3051.5010358519503,1747259
2021-11-15,3092.669677734375,3106.8566774427045,3070.6493887689817,3070.6493887689817,1809157
2021-11-16,3095.3671875,3112.034811133801,3082.8340116924446,3106.333875700264,2013204
2021-11-17,3065.33935546875,3100.9809832225665,3051.8486938011238,3090.319008678797,1632914
2021-11-18,3025.12890625,3064.426030619223,3004.1532281043856,3059.464777964114,2136598
2021-11-22,3010.0712890625,3060.16085491759,2994.317804519924,3027.4785951812783,3167936
2021-11-23,3015.163330078125,3029.6983897266873,2966.0312458584126,2998.4087961663104,2153461
2021-11-24,2996.92919921875,3040.229877506103,2980.131104641125,3022.0826740714665,2161746
2021-11-25,2999.191650390625,3014.074981759771,2988.877949258958,2997.450919820738,1849619
2021-11-26,3000.0185546875,3037.574730325143,2969.5991191284234,2981.000988929402,1941251
2021-11-29,3048.01953125,3071.8241091591503,2964.8560774978537,3000.2799056225817,2981745
2021-11-30,3071.649658203125,3101.7643830180255,3038.4453065214807,3038.4453065214807,5588446
2021-12-01,3113.99267578125,3124.6110887936125,3076.7410024750475,3076.7410024750475,2102118
2021-12-02,3170.65380859375,3175.092756819471,3110.772843260999,3123.9152323855865,3152938
2021-12-03,3168.521240234375,3190.7155548684677,3160.165861043513,3173.743431912985,2486263
2021-12-06,3077.9599609375,3183.7964732572673,3065.426784803744,3168.5215187563167,1849642
2021-12-07,3119.82421875,3131.5741495501466,3067.4282735320944,3100.6761833719834,1484458
2021-12-08,3156.7275390625,3173.7432216529896,3134.185164806538,3134.185164806538,1428660
2021-12-09,3134.83837890625,3163.5604352688256,3103.722817846793,3142.018892996894,1567957
2021-12-10,3165.3447265625,3169.8705838544292,3111.6432273189575,3120.259759230678,1510718
2021-12-13,3141.714111328125,3187.2778211020996,3134.7947494906152,3176.8334371989795,1883864
2021-12-14,3154.02978515625,3163.777833920644,3113.0354949388247,3137.6668751812713,1747007
2021-12-15,3107.509521484375,3153.334179672889,3096.890892481452,3150.7230831951033,1603233
2021-12-16,3117.30029296875,3140.6694726505343,3107.203970979604,3117.648354075334,2072320
2021-12-17,3119.694091796875,3178.0085695838147,3110.4245734298493,3135.4911377231397,4333992
2021-12-20,3095.80224609375,3138.5372672585236,3055.112668377628,3123.7410571799337,2312310
2021-12-21,3140.5390625,3169.173995034654,3104.0706300032657,3118.2140657139958,2340989
2021-12-22,3160.078857421875,3165.344610059244,3138.754907271951,3154.203891564243,1224328
2021-12-23,3187.887451171875,3194.676344094909,3159.4265438127013,3175.0931217159045,1792861
2021-12-24,3195.024658203125,3224.7042070214657,3172.3082459401076,3207.2968968621058,2209923
2021-12-27,3216.957275390625,3220.351615069357,3179.5315674317108,3195.1110213296242,1534135
2021-12-28,3226.05224609375,3242.1104418915284,3214.998650306945,3229.0549636020323,1456218
2021-12-29,3215.738525390625,3237.715248491065,3207.296024757275,3213.606172974233,1456923
2021-12-30,3249.7265625,3255.1663458319385,3202.94442584533,3204.1195040416433,1966475
2021-12-31,3253.73046875,3272.573794030178,3247.5943503878843,3257.6035521515405,1207141
2022-01-03,3322.83740234375,3333.4993781616295,3259.5183214661365,3263.870148330577,2346158
2022-01-04,3381.151611328125,3384.981133665279,3317.571383436288,3334.456597811897,2488606
2022-01-05,3360.436767578125,3368.313615818848,3318.180490958889,3363.961789441821,1733031
2022-01-06,3313.872314453125,3337.8509209336266,3283.0179071086413,3317.8325190610126,1810293
2022-01-07,3353.95263671875,3363.874716003597,3304.2546937860716,3324.7953995758726,2460591
2022-01-10,3376.886962890625,3462.3132338266632,3360.4804916552907,3462.3132338266632,3937092
2022-01-11,3408.263427734375,3416.1838370410696,3356.128630733851,3356.128630733851,1906106
2022-01-12,3359.523193359375,3419.6655251847706,3339.200289545301,3416.1840637185605,3203744
2022-01-13,3392.596435546875,3414.4426871115365,3356.9985837851636,3410.090861101963,6684507
2022-01-14,3453.740478515625,3461.443297528625,3359.6541035054447,3375.1466505790668,3348123
2022-01-17,3498.12841796875,3518.8867142278687,3448.64828088195,3475.10729954909,3442604
2022-01-18,3473.2802734375,3517.755818179657,3464.0543151392512,3511.010486284599,2389041
2022-01-19,3413.16259765625,3498.0416342208123,3409.5443196960337,3498.0416342208123,3102539
2022-01-20,3336.348876953125,3417.8273982491137,3322.7908711039217,3409.1084508046006,6176776
2022-01-21,3342.40869140625,3358.1464350043802,3288.002541429297,3319.303479374878,3112358
2022-01-24,3288.219970703125,3356.489151449722,3260.9732629131663,3348.075453230145,3258414
2022-01-25,3286.9560546875,3321.3958985887766,3245.366716144262,3286.6073819205503,3330501
2022-01-27,3181.76171875,3255.131572257952,3160.7055469917223,3253.0391101339314,5718297
2022-01-28,3217.334716796875,3251.9925272060564,3178.927717028313,3178.927717028313,3143862
2022-01-31,3257.61669921875,3276.5804096792403,3244.668977275617,3268.7333570748997,2739393
2022-02-01,3313.766845703125,3320.1753575502544,3257.7476054923573,3287.043355557894,2105169
2022-02-02,3362.201171875,3369.001994872426,3313.7673661510835,3337.5265028902845,1984212
2022-02-03,3334.64892578125,3385.131549382014,3327.194182693847,3357.6668632762744,1960538
2022-02-04,3326.191162109375,3334.7357731436837,3286.1712786456783,3326.5400477247117,2307366
2022-02-07,3294.89013671875,3340.9262203657618,3274.9672572822224,3305.352873326484,1919149
2022-02-08,3263.894287109375,3312.938365711903,3244.3202929778845,3305.832508802573,2946443
2022-02-09,3278.80322265625,3293.9741032821757,3266.2043884818895,3269.6046922158384,1638721
2022-02-10,3287.3486328125,3304.3069440401177,3276.5806469242366,3304.3069440401177,2112459
2022-02-11,3221.607666015625,3271.7852545985124,3217.291829305399,3271.7852545985124,3851488
2022-02-14,3255.436767578125,3307.3145011357815,3234.729268889145,3246.9357944321227,5951745
2022-02-15,3328.7197265625,3343.7162732725105,3267.861432131778,3300.993431710489,3931683
2022-02-16,3324.62158203125,3360.3692627561973,3318.431044857309,3351.5630416267727,3256906
2022-02-17,3299.42333984375,3343.715625909874,3294.889530720577,3334.9966803403568,3134372
2022-02-18,3307.880859375,3327.1061780034065,3276.231255480429,3286.170768839318,3688883
2022-02-21,3242.92529296875,3337.438812898183,3230.8496782327734,3321.919043560008,7465922
2022-02-22,3126.963134765625,3198.0225543570805,3112.6641465214116,3182.415724034496,5408531
2022-02-23,3107.2587890625,3158.787644989509,3100.152718590323,3148.412181820984,2426203
2022-02-24,2965.88037109375,3037.550282100594,2956.682052765938,3028.962034594024,5039136
2022-02-25,3069.723388671875,3077.78841497173,3018.499572983606,3023.7309413943226,2549723
2022-02-28,3098.88818359375,3107.2148207758987,3013.180889703397,3042.912584919786,3288942
2022-03-02,3091.868896484375,3114.3638193433144,3056.862414053534,3097.4055122433483,2761341
2022-03-03,3090.343505859375,3120.162475048833,3077.8755818754444,3106.4301334512893,1928039
2022-03-04,3072.862060546875,3104.9912513670993,3040.340346833838,3052.93918222262,2370257
2022-03-07,3038.465576171875,3093.4822136519515,2991.9501243817053,3008.036538077574,3054130
2022-03-08,3138.77734375,3146.6680335114793,3016.755720684322,3016.755720684322,3300992
2022-03-09,3167.24462890625,3185.9030894951516,3136.2487311522195,3143.1802511302744,2719654
2022-03-10,3157.0869140625,3212.059914730972,3151.8991834290077,3212.059914730972,2005441
2022-03-11,3138.080078125,3173.566366707418,3132.5873111877163,3141.654931943972,1623423
2022-03-14,3176.3125,3180.9772219494284,3121.383132034038,3121.383132034038,1765688
2022-03-15,3133.502197265625,3190.2626259339454,3126.0910925046414,3190.2626259339454,3651133
2022-03-16,3187.5595703125,3198.109580738433,3152.989032536903,3174.1324778294074,3090475
2022-03-17,3202.25146484375,3234.7295445021614,3191.3964177054013,3223.046239918665,3600452
2022-03-21,3162.1005859375,3238.173401399915,3151.89946013329,3222.52293351387,2413831
2022-03-22,3226.838623046875,3235.6012072887484,3160.618263654463,3173.696684055792,2907611
2022-03-23,3236.82177734375,3251.9928727405686,3217.291421341195,3232.9855258355424,1596195
2022-03-24,3269.47412109375,3276.7543134409916,3221.650616111868,3226.010089205389,1879046
2022-03-25,3232.506103515625,3295.3261619554955,3201.5974776294693,3278.2369399463614,1690133
2022-03-28,3232.72412109375,3237.3452058404378,3192.181015230141,3221.651100344847,1760990
2022-03-29,3230.675537109375,3245.192500629566,3218.163761371233,3221.4333669266766,2689063
2022-03-30,3253.5185546875,3259.1422326604416,3231.4159399540727,3259.1422326604416,1583455
2022-03-31,3260.84228515625,3273.659093668878,3243.622366180688,3260.8859224608136,2168110
2022-04-01,3277.234619140625,3280.9401720854466,3250.467491029845,3267.861749927253,1387014
2022-04-04,3287.3486328125,3295.7623324570554,3258.358130814035,3280.068226112022,1472994
2022-04-05,3326.103515625,3344.23896562156,3288.7863846996506,3288.7863846996506,2314947
2022-04-06,3274.269775390625,3321.308450856893,3253.1697538188087,3321.308450856893,2051729
2022-04-07,3212.1904296875,3265.68124894717,3207.7002576095683,3265.68124894717,2494829
2022-04-08,3213.498291015625,3230.369536900863,3175.876123660295,3217.2911177231267,2296773
2022-04-11,3222.871337890625,3236.7782280173724,3187.734153364789,3217.2912972094496,2291660
2022-04-12,3218.25048828125,3260.014157655668,3180.9769912928095,3211.1880563374766,4483476
2022-04-13,3192.834716796875,3234.5986001579863,3187.2546759280217,3232.113615146046,1621672
2022-04-18,3076.08837890625,3147.5401125729736,3071.2493203707204,3147.5401125729736,3820792
2022-04-19,3027.13134765625,3107.04063053991,2998.5767941194913,3095.2264139082035,3170014
2022-04-20,3101.15478515625,3111.9225558490607,3034.193236670542,3051.6311288353154,2640370
2022-04-21,3163.80078125,3177.184450731517,3110.3972281195647,3121.383187052368,2280996
2022-04-22,3149.763671875,3153.6435612476985,3113.972346971566,3122.3426223823985,1581465
2022-04-25,3093.6572265625,3124.8711043857725,3080.491742206631,3102.201838561545,1960694
2022-04-26,3092.0,3128.270689253386,3067.456038200025,3117.1540326092236,1943469
2022-04-27,3104.990966796875,3111.312202565136,3057.1240390217918,3091.738211621223,1727648
2022-04-28,3125.1318359375,3142.656789558472,3084.8067109638346,3128.3578033624153,1703660
2022-04-29,3092.34912109375,3159.092707941327,3083.761085375679,3136.205470355331,2051115
2022-05-02,3088.599853515625,3093.4389119139187,3045.3103646568115,3068.9822217914025,1324161
2022-05-04,3033.9755859375,3091.259025222723,3021.376750080482,3085.199399623491,2305825
2022-05-05,3063.314697265625,3080.403918216015,3038.8582216741816,3062.181404468486,1612262
2022-05-06,2992.86572265625,3029.398024101116,2985.803290699171,3015.8836567465128,2010812
2022-05-09,3003.76513671875,3013.2687057662993,2918.101464744925,2962.698802718138,2481830
2022-05-10,2998.227783203125,3020.9406818291613,2983.623547545211,2994.0862835389403,1622685
2022-05-11,2974.90478515625,3006.6853051327807,2948.878642613765,2994.9583637197297,1841769
2022-05-12,2971.98388671875,3007.7752079636566,2920.934620561456,2945.2603983861713,2807195
2022-05-13,2977.433349609375,2999.230718747237,2948.8787960387763,2994.958519542189,2187823
2022-05-16,2944.213623046875,2990.598371542724,2935.3203410164306,2977.5199530082805,1195813
2022-05-17,3009.431640625,3022.858733006671,2921.1957322943476,2938.284952475478,1754076
2022-05-18,3006.99072265625,3047.2722184211916,3001.9773277332397,3021.1153753446147,1866781
2022-05-19,2844.077392578125,2968.801994723877,2816.220394407672,2961.826835852279,4642963
2022-05-20,2871.1494140625,2889.371929206205,2851.139472106869,2885.971624824438,3065125
2022-05-23,2896.21630859375,2911.1692180116047,2848.4800723039907,2881.437735548261,2293690
2022-05-24,2866.7900390625,2898.9194468786245,2855.978628927339,2890.4618972135286,1711510
2022-05-25,2780.46142578125,2890.358139211959,2768.5239108215023,2890.358139211959,3548046
2022-05-26,2832.51318359375,2845.2847498563847,2791.7848372931185,2800.957469317206,2813186
2022-05-27,2862.664306640625,2878.112892084147,2834.4878731863514,2855.554301399254,3103153
2022-05-30,2962.68603515625,2972.64878630767,2884.652556391541,2894.0006985882987,2094624
2022-05-31,2953.117919921875,2969.8392235795586,2918.5776743569736,2944.1645177224336,4840965
2022-06-01,2945.086181640625,2973.877005426584,2931.7880865359803,2973.877005426584,1493835
2022-06-02,3004.599365234375,3012.499275922984,2937.274613670097,2944.911151142661,2657939
2022-06-03,3019.65283203125,3052.2620346027693,3011.796853027463,3036.5498622964137,1913622
2022-06-06,3011.57763671875,3030.932461150583,2964.3536823588743,3000.210585639355,1084210
2022-06-07,2951.670166015625,3000.956963708526,2945.7891637629878,2985.3326517441806,2308256
2022-06-08,2988.053466796875,2996.6556349491925,2937.450233831093,2966.987037508978,2185707
2022-06-09,3008.19873046875,3016.8885477526396,2943.2438999381434,2971.2446127851863,1279197
2022-06-10,2949.2119140625,2978.2661136522997,2942.27763423593,2968.610667955225,1527582
2022-06-13,2826.061767578125,2890.4898491615,2802.2302392403376,2887.856545320782,3030921
2022-06-14,2818.117431640625,2843.002020001427,2786.6493705312914,2800.0792606285445,2611493
2022-06-15,2814.386962890625,2838.7010882886284,2809.73475065303,2825.0956872779684,1404536
2022-06-16,2757.947021484375,2848.2255448740734,2750.091040842458,2843.9682844078216,2032028
2022-06-17,2711.336669921875,2737.5381225214655,2654.2380502201972,2714.0578356188767,5240434
2022-06-20,2731.96435546875,2755.0936222142564,2693.869319498384,2715.813514020202,1502769
2022-06-21,2819.345703125,2841.992150893419,2743.3748717053495,2747.4126885325923,2964461
2022-06-22,2829.001953125,2853.2284323936533,2793.9351690902718,2808.769360580185,3336315
2022-06-23,2904.3583984375,2912.433820057707,2829.0019403695915,2829.0019403695915,3692578
2022-06-24,2890.577392578125,2936.1334582739805,2876.8841283984966,2930.8668511739374,2132118
2022-06-27,2909.537109375,2951.845477755388,2902.3394557167258,2940.5223579770245,2037686
2022-06-28,2912.565185546875,2922.966819859582,2872.5830330686026,2902.778160142834,1400046
2022-06-29,2888.295166015625,2925.600300358632,2871.1786926111868,2871.1786926111868,2133994
2022-06-30,2867.755859375,2906.2019255430264,2857.1347810745174,2872.056836766765,2719603
2022-07-01,2909.888427734375,2925.600387299179,2854.5451192222854,2861.5233311117086,1502879
2022-07-04,2839.623046875,2912.3899190179127,2830.8453680013654,2907.16724294786,2622535
2022-07-05,2823.164794921875,2872.0564215860604,2814.9575797580337,2857.134368050925,2170627
2022-07-06,2862.181884765625,2868.9845864774807,2810.8324589406493,2825.0961883364757,2182144
2022-07-07,2885.969482421875,2913.6628902111784,2865.9563300088125,2871.1790065280893,1989921
2022-07-08,2866.306640625,2901.0223978064614,2852.745171821785,2896.6335590805816,2136916
2022-07-11,2733.193603515625,2830.801346623151,2726.3469713524055,2814.255336753604,6974600
2022-07-12,2707.650634765625,2752.8556822249266,2703.744610417738,2734.159182843163,3734815
2022-07-13,2667.316650390625,2729.857600235243,2664.0250214514344,2724.590993932538,3863530
2022-07-14,2639.154052734375,2690.418987647848,2611.2113628888337,2689.5389029283033,4764908
2022-07-15,2635.502197265625,2665.688935952516,2598.8905812888142,2656.580186606266,4574806
2022-07-18,2696.139892578125,2707.976990638422,2652.839761660094,2660.4964567532797,3202795
2022-07-19,2705.600830078125,2709.7371858696033,2666.701122969062,2666.701122969062,1865074
2022-07-20,2785.29248046875,2791.5850009840688,2726.54681875147,2735.1276457438817,3402251
2022-07-21,2796.29345703125,2802.189982174116,2767.03063765082,2787.228540686377,2420640
2022-07-22,2790.7490234375,2813.6312292430425,2766.5466903739457,2803.070211178946,2075886
2022-07-25,2787.00830078125,2804.3459268777215,2771.474891342548,2785.4681525136675,1797504
2022-07-26,2742.256103515625,2788.9005972546584,2725.1825445833438,2785.204284119927,2639367
2022-07-27,2806.4580078125,2811.0784522014806,2737.0632475674747,2741.4636707950754,1389808
2022-07-28,2869.5166015625,2872.5968984818282,2817.7235231303016,2830.3528264453307,2106333
2022-07-29,2905.952392578125,2919.505829643421,2882.2781935145945,2895.4794676833635,2430257
2022-08-01,2903.2236328125,2928.0419799310016,2878.757233650227,2928.0419799310016,1306913
2022-08-02,2897.0634765625,2915.6331387759437,2879.3296371550764,2895.4792807916037,1269114
2022-08-03,2939.043212890625,2947.4040185568806,2884.0819596679717,2886.678166875655,2895824
2022-08-04,2952.640869140625,2981.6396243775794,2910.748955728847,2948.284491745122,2150567
2022-08-05,2961.529541015625,2972.0465119063037,2952.684645379227,2958.141128427601,1106933
2022-08-08,2969.802001953125,2973.7183361972407,2935.9627856015595,2961.485243869679,1068836
2022-08-10,2952.0244140625,2979.0870214210518,2935.0827818136504,2979.0870214210518,1878359
2022-08-11,3012.090087890625,3017.5465704239223,2970.3301090460086,2992.2881808117236,1449248
2022-08-12,2993.65283203125,3009.010270550342,2975.787065603493,3009.010270550342,1472354
2022-08-16,2985.86376953125,3005.3577774981677,2981.2873713731783,3001.969364945804,839942
2022-08-17,2993.256591796875,3008.0858922168222,2966.854046980335,2979.1752345613872,1622326
2022-08-18,2975.786376953125,2985.247287430684,2958.844746563078,2983.4871180395103,1430659
2022-08-19,2979.7470703125,3011.2101014765467,2966.98584088932,2980.8471762972567,1398410
2022-08-22,2952.288818359375,2978.2953698990436,2945.996082460912,2961.4856625107705,1536532
2022-08-23,2890.7265625,2941.155248644901,2877.877238729922,2921.8374306422184,1849256
2022-08-24,2864.984130859375,2911.3205094918117,2860.4515652345717,2897.239152734898,1691923
2022-08-25,2832.2890625,2885.0501070521514,2829.252812696223,2883.158010542912,1946930
2022-08-26,2835.80908203125,2866.436074774527,2831.0567102540363,2846.458193615582,1457962
2022-08-29,2756.909912109375,2765.8426876252506,2711.5414939297048,2750.2652283447997,2539173
2022-08-30,2826.084228515625,2839.5936161841482,2765.314544774919,2776.6675527850575,3431525
2022-09-01,2756.16162109375,2807.4706096920486,2746.7447563789606,2807.4706096920486,3546935
2022-09-02,2755.017333984375,2783.708184014529,2746.1286065456165,2783.708184014529,2052900
2022-09-05,2757.657470703125,2770.4627467931514,2739.043764179659,2749.076644387517,2147912
2022-09-06,2752.069091796875,2764.214304458055,2733.851380237327,2759.505765046165,1936453
2022-09-07,2771.9150390625,2782.73990969169,2730.022918646201,2730.022918646201,1291534
2022-09-08,2789.561279296875,2801.750542252316,2781.1566396042076,2789.8693949866,1346113
2022-09-09,2831.804931640625,2845.754362458832,2788.548847209157,2811.8710957340245,1561185
2022-09-12,2854.070556640625,2877.700916133511,2838.273079681638,2851.386255406336,1785928
2022-09-13,2842.102294921875,2872.1130614855856,2838.2738396110262,2872.1130614855856,1972678
2022-09-14,2746.216552734375,2764.698333727928,2740.408121912217,2759.065876894723,5090269
2022-09-15,2732.091064453125,2761.485807918387,2728.2626100062143,2754.6651513933716,2138023
2022-09-16,2647.9111328125,2723.2905259336594,2640.2544379154365,2707.140883675961,5322221
2022-09-19,2665.6015625,2677.218641838825,2629.518076531758,2671.938131697131,2072220
2022-09-20,2675.7216796875,2710.6169537047986,2666.656763886878,2684.2584586980124,1544295
2022-09-21,2641.310546875,2676.6899140420137,2638.626245172588,2664.896863274496,2253818
2022-09-22,2646.76708984375,2666.6130461683933,2622.036834497055,2631.453699411689,2017983
2022-09-23,2624.45751953125,2660.056914839661,2621.7732173059885,2643.7753423253407,2652374
2022-09-26,2635.32568359375,2663.00452081125,2575.2160671939755,2604.9189274404216,2925489
2022-09-27,2655.61181640625,2662.256499568145,2619.1323446991073,2648.527090847732,2227447
2022-09-28,2671.629150390625,2684.2144051236332,2622.652520640546,2622.652520640546,2739767
2022-09-29,2637.878662109375,2689.4076788755,2631.4539990051267,2687.7794357731295,2493902
2022-09-30,2644.25927734375,2657.592478379605,2596.3386948281413,2632.2021565114587,2817353
2022-10-03,2627.009521484375,2658.472558362496,2617.3726342806176,2635.854418181052,1763331
2022-10-04,2720.474853515625,2726.503522136265,2660.4971424848063,2666.613690692938,2145875
2022-10-06,2729.979248046875,2749.3851626060255,2721.61844169452,2737.944059176487,1790816
2022-10-07,2697.371826171875,2732.663312710145,2691.387421404363,2725.9745822630443,1939879
2022-10-10,2744.5888671875,2752.0255417803355,2644.6551816597084,2649.055606254816,3064063
2022-10-11,2701.46435546875,2767.8667110161023,2687.2070246042927,2728.2628948012457,4730645
2022-10-12,2728.923095703125,2736.97578612618,2694.8638550176415,2714.9736648998382,1665247
2022-10-13,2731.1669921875,2737.063516919874,2686.326718058436,2728.9227331476845,2054781
2022-10-14,2727.5146484375,2772.2670452567086,2702.740347931223,2767.866621375349,2245977
2022-10-17,2745.69189453125,2760.3831460488755,2710.1326377090127,2711.19142977343,1517005
2022-10-18,2774.76513671875,2784.162426006963,2760.515069405285,2779.4417007596876,1793722
2022-10-19,2754.603515625,2787.3831970318834,2745.9121586461606,2787.3831970318834,1194289
2022-10-20,2785.88330078125,2788.2656365638254,2739.735696686924,2739.735696686924,1587601
2022-10-21,2768.324462890625,2788.6188036276535,2759.1479775951516,2786.3247900140686,1021913
2022-10-24,2789.765380859375,2804.147932217598,2783.853595389088,2797.17735486645,260949
2022-10-25,2790.1181640625,2809.662404583954,2780.4561236786158,2806.3535456635836,2069643
2022-10-27,2785.971435546875,2800.618740078452,2765.6331510594896,2788.8832750526153,2438421
2022-10-28,2791.1337890625,2804.589820132824,2775.0306699127677,2779.442483378448,1355739
2022-10-31,2817.515869140625,2822.677776187459,2803.9717333524763,2822.677776187459,1919414
2022-11-01,2876.237060546875,2878.7960411046947,2826.604168845417,2836.3543177659885,2991060
2022-11-02,2860.354248046875,2885.3251479156916,2843.0159124546703,2885.3251479156916,1405955
2022-11-03,2829.515869140625,2848.3102329584,2819.1481100504548,2848.3102329584,1422652
2022-11-04,2838.913330078125,2841.251720209756,2793.692247035101,2838.5604712079626,1464013
2022-11-07,2853.295654296875,2861.325239443402,2819.2365900807545,2849.148593513063,1474498
2022-11-09,2837.721923828125,2867.50165781084,2825.015774743182,2867.50165781084,1162267
2022-11-10,2828.5458984375,2845.619702822668,2797.0897544024365,2797.0897544024365,1573092
2022-11-11,2925.86962890625,2948.5023542732615,2872.133843597439,2884.972259916198,3265394
2022-11-14,2943.1201171875,2955.032010931176,2919.737510949914,2932.972948442887,1342074
2022-11-15,2940.561279296875,2947.046514255534,2904.7372765347063,2930.3257883875335,1400708
2022-11-16,2960.63525390625,2971.7087315184385,2930.723034354456,2946.120217692935,1748235
2022-11-17,2955.0322265625,2964.7382147656017,2927.4583964400517,2947.090963487235,1417986
2022-11-18,2950.134765625,2967.164404428522,2930.3257712012855,2955.914282904037,1164540
2022-11-21,2897.23779296875,2941.5323553991875,2887.972985042399,2931.649936695195,1304194
2022-11-22,2924.9873046875,2928.5167544201013,2872.31031051253,2894.148780733,1149739
2022-11-23,2919.119873046875,2938.267096023946,2903.8549588633055,2938.267096023946,1150011
2022-11-24,2982.51708984375,2993.811371305719,2919.11948257653,2926.1342203599343,1296591
2022-11-25,2990.900390625,3002.9889309440055,2954.1500734010056,2985.0327653272407,1588981
2022-11-28,2995.842041015625,3015.0334302777087,2969.6359111763454,2970.03293131834,2195437
2022-11-29,2997.694580078125,3025.6212694061737,2985.03259095978,2985.03259095978,1576028
2022-11-30,2991.914794921875,3013.179601826006,2977.9734243991,2985.0323243680464,3410702
2022-12-01,3066.783447265625,3070.6218106972183,3017.6800553403696,3022.0918682867737,2180856
2022-12-02,3034.576416015625,3060.8266961546037,3011.502726532251,3051.2973550287843,2411749
2022-12-05,3022.885986328125,3034.5772909373013,3006.2094191292977,3029.1508470416434,1475065
2022-12-06,2987.106201171875,3007.047465925803,2971.797124472303,3000.0768878174986,1166999
2022-12-07,2982.9150390625,2994.473859666086,2959.4441081486752,2972.061936190009,1167505
2022-12-08,2956.400146484375,2982.915186541277,2946.605835144837,2964.7384302352993,1285619
2022-12-09,2905.399169921875,2977.1794466521255,2890.928510850785,2977.1794466521255,1797896
2022-12-12,2899.8408203125,2908.2674270885745,2855.4139881103843,2872.5317381331474,1527610
2022-12-13,2940.120361328125,2943.958509197416,2883.3844058485947,2891.6785277132994,1378016
2022-12-14,2969.458984375,2979.73842222779,2947.88504703309,2954.8558406430157,1213311
2022-12-15,2916.296875,2968.929720801703,2910.870215460734,2963.6797061285474,1415694
2022-12-16,2859.075439453125,2904.7377043992556,2845.7958391238103,2889.7375400691258,2703680
2022-12-19,2825.369384765625,2863.7079990716397,2818.7075036309825,2847.384289941205,2120965
2022-12-20,2862.340087890625,2866.7960620653575,2791.4863286526675,2822.589610027799,1529971
2022-12-21,2884.04638671875,2896.8406447177717,2858.854890815874,2866.796154401474,1432566
2022-12-22,2876.237060546875,2906.502138037383,2863.3546970197967,2906.502138037383,1384101
2022-12-23,2848.574951171875,2882.545906087743,2838.5600510219747,2838.5600510219747,1360281
2022-12-26,2870.236572265625,2887.089780317712,2845.6629086139424,2848.574747625626,870157
2022-12-27,2876.060546875,2888.6783736131365,2851.354397062912,2884.6194199757956,835883
2022-12-28,2873.94287109375,2881.884133279231,2846.5013122623786,2867.501582014755,910795
2022-12-29,2884.22265625,2886.6491533221797,2848.2663814531547,2851.00179159365,1037927
2022-12-30,2873.58984375,2910.9138197149614,2864.325037715745,2899.487268690152,1163131
2023-01-02,2877.781494140625,2882.5463814916634,2854.619475605265,2877.3844740498453,709547
2023-01-03,2921.811279296875,2929.443629089992,2863.531190519576,2869.4429764459805,1245178
2023-01-04,2924.72314453125,2935.929322035629,2899.6199713139727,2917.708404852759,1231668
2023-01-05,2921.590576171875,2944.70843071638,2895.869579901462,2938.443570763314,1826057
2023-01-06,2833.751708984375,2913.1643446061225,2823.5603776621383,2911.7966394640803,2488376
2023-01-09,2929.3994140625,2935.6201129314486,2842.221953738348,2849.148585709542,2885060
2023-01-10,2899.796142578125,2910.0316341301827,2850.119304301601,2898.5609212000154,3864655
2023-01-11,2937.119873046875,2955.4730552710416,2886.3398704670703,2903.0608113950348,2720512
2023-01-12,2942.105712890625,2955.914600902742,2925.5172535387624,2937.3849869866353,2250391
2023-01-13,2977.576416015625,2981.502886054615,2916.208061086269,2949.6495136518442,1742837
2023-01-16,3008.7099609375,3025.8107560710764,2976.222878557972,2993.323673691548,1843607
2023-01-17,3048.732177734375,3051.8005344403805,2996.933416683974,3005.0551874608955,1688475
2023-01-18,3059.200439453125,3076.3012356043387,3043.1825020489086,3050.1762493662427,2421189
2023-01-19,3043.949462890625,3056.4929982286035,3033.030105416692,3050.1760655484736,1585044
2023-01-20,3034.92529296875,3063.3964349074176,3028.157150767711,3036.6398008661617,1529349
2023-01-23,3081.67041015625,3085.370416009231,3028.1571422247093,3057.3954283238595,1067916
2023-01-24,3100.982421875,3115.1051909529156,3083.8364610513177,3090.7850432164355,1387863
2023-01-25,3095.071044921875,3099.8087438753964,3072.7361784267027,3091.0553251104056,874110
2023-01-27,3078.196533203125,3109.736034820771,3052.2519856113963,3091.687653887394,1785879
2023-01-30,3098.590576171875,3120.970609015345,3055.1843591556817,3086.272646280671,1953798
2023-01-31,3030.95458984375,3112.4430679566062,3024.0060077479234,3112.4430679566062,2820375
2023-02-01,3075.760009765625,3085.3706843730665,3027.6158660636556,3034.835218352332,2205161
2023-02-02,3122.73046875,3130.491359902265,3086.363161059032,3092.5897637316407,1813847
2023-02-03,3142.493408203125,3162.0758544483574,3115.9621601108056,3162.0758544483574,1804469
2023-02-06,3122.32421875,3134.236104127505,3101.478474418645,3134.236104127505,1138714
2023-02-07,3133.695068359375,3152.149492409252,3123.632964557196,3130.4011068970385,1455647
2023-02-08,3176.605224609375,3194.4729446376878,3138.658461421749,3138.658461421749,1986946
2023-02-09,3195.33056640625,3201.421894965321,3163.249525265047,3172.0029459457633,1655427
2023-02-10,3192.351806640625,3196.683461129444,3165.820560594796,3176.51431195934,1187821
2023-02-13,3142.58349609375,3202.684683091803,3134.4617259760194,3202.684683091803,1087939
2023-02-14,3158.556884765625,3180.8917554026953,3153.954459659008,3162.9786498154,1579818
2023-02-15,3177.1015625,3181.929592578164,3122.505209592746,3146.7352493817516,1429449
2023-02-16,3210.851806640625,3226.147763863208,3182.831654026723,3183.012093754283,1618931
2023-02-17,3159.50390625,3193.570220400415,3149.4420234423537,3182.064379197295,1061369
2023-02-20,3147.00634765625,3178.3202481157036,3135.9517130624345,3160.2718651053933,1296082
2023-02-21,3114.24755859375,3166.4975236812143,3108.607440587024,3153.0515704800237,1139541
2023-02-22,3069.623046875,3110.6379417299486,3063.7121590290617,3081.7153719826138,1218430
2023-02-23,3080.677978515625,3115.5112191854573,3075.443904333321,3087.175351151494,1441570
2023-02-24,3068.630859375,3098.861897992003,3052.2520415048884,3088.529243781861,977592
2023-02-27,3006.724853515625,3059.2004305919913,2992.4214241424907,3059.2004305919913,1128022
2023-02-28,2989.5791015625,3061.0054827636877,2977.892598362493,3003.70187186879,4116217
2023-03-01,3055.320068359375,3058.2980952242915,2991.5190869485177,2998.7384391945475,1669307
2023-03-02,2997.339599609375,3041.0617569146098,2994.2262980645087,3033.030315791083,1556538
2023-03-03,3016.019287109375,3030.322715031711,3006.047734357381,3026.7130393735433,1043190
2023-03-06,3042.82177734375,3072.691715860364,3031.2256043654165,3033.842531496865,1334132
2023-03-08,3059.56103515625,3064.6146692630373,3005.8221644268447,3035.7372636633854,1844590
2023-03-09,3011.2373046875,3054.688696842155,3005.822790010675,3054.688696842155,1648500
2023-03-10,3005.957763671875,3011.5978825619827,2968.9585837527675,2989.623891239265,1024404
2023-03-13,2961.69384765625,3040.9714410429538,2952.7148231102783,3007.7623794090946,1901233
2023-03-14,2901.23193359375,2981.9532694589166,2896.2234640568317,2959.9343338825,2670334
2023-03-15,2886.748046875,2942.2018705999863,2880.521443910695,2932.8617458363906,1780522
2023-03-16,2874.20458984375,2905.608815924938,2862.4731425382656,2894.960227384223,1901060
2023-03-17,2869.060546875,2907.0522516200167,2837.205114597425,2843.0708376396906,6739966
2023-03-20,2836.573974609375,2860.352585482065,2793.0322534409083,2860.352585482065,2289468
2023-03-21,2803.003662109375,2848.7110949967246,2795.197605797223,2836.5736038648693,1815297
2023-03-22,2825.29345703125,2836.7541342993322,2803.003751733395,2824.616642779389,1123939
2023-03-23,2819.7431640625,2839.3258306983194,2798.4010449295647,2810.9445796742175,1372218
2023-03-24,2815.998291015625,2860.668028367099,2802.9132164379207,2841.6269006823486,1329577
2023-03-27,2817.623046875,2845.1016629132937,2802.913572280926,2829.0837247587583,1524217
2023-03-28,2811.84716796875,2842.2136983642395,2806.6582589143677,2821.864106617975,1303530
2023-03-29,2832.602783203125,2842.6197217781473,2801.1987796733742,2823.6689236329594,1740616
2023-03-31,2893.064697265625,2899.47195965751,2844.4244061128143,2878.6711597054764,2382581
2023-04-03,2887.74072265625,2910.256032039784,2864.0522245407105,2910.256032039784,1521830
2023-04-05,2923.656982421875,2945.8114118907883,2874.6555889687143,2874.6555889687143,2655065
2023-04-06,2906.42041015625,2939.4941939275836,2901.2766666613607,2910.3008553601517,1703464
2023-04-10,2944.953857421875,2952.7147483714607,2901.276869197508,2905.78896386189,2203187
2023-04-11,2900.194091796875,2953.572085045166,2880.656589162442,2945.4954794330633,2348779
2023-04-12,2925.32666015625,2942.7433920921726,2886.838575342086,2912.9635630873936,2417727
2023-04-13,2877.678955078125,2914.813409301973,2869.6924586935834,2896.765029058617,4174070
2023-04-17,2833.144287109375,2854.7120118386847,2770.6517749633886,2828.2713129172603,5505048
2023-04-18,2825.247802734375,2848.801022746983,2807.064151110326,2847.0862947489463,2617302
2023-04-19,2788.113525390625,2833.595349886156,2771.7796551513784,2825.2479750497077,3298034
2023-04-20,2801.83056640625,2809.230358172251,2777.6456930466393,2788.4747210897062,2419999
2023-04-21,2852.41064453125,2855.659220126257,2798.2203497719465,2806.5225589375386,1929184
2023-04-24,2864.999755859375,2870.5495443318514,2821.09694130206,2843.612470588807,1640676
2023-04-25,2866.082763671875,2879.7994885025946,2840.3638219953486,2872.3996967152325,2024090
2023-04-26,2886.07080078125,2895.3205941340657,2870.5944053958196,2870.5944053958196,2000029
2023-04-27,2876.866455078125,2887.018668292053,2861.254563139059,2874.20436323212,2434446
2023-04-28,2905.112548828125,2912.3319012830834,2884.3569105201195,2888.101861479268,2931312
2023-05-02,2905.247802734375,2919.325628047492,2896.765151787465,2919.325628047492,2321159
2023-05-03,2869.602294921875,2902.1797112754293,2863.5109662368286,2902.1797112754293,2468285
2023-05-04,2906.42041015625,2909.8044809182966,2867.8871684758333,2869.8272809192304,1953253
2023-05-05,2915.445068359375,2927.44728532503,2896.8102038222487,2905.78922896011,1710027
2023-05-08,2933.403076171875,2937.238356642924,2915.9863466752167,2928.349442012585,928235
2023-05-09,2962.8671875,2976.177867775832,2929.2520796847634,2935.208133223178,1107375
2023-05-10,2966.071044921875,2983.8486565469284,2947.3458492093846,2968.958741883984,1559987
2023-05-11,2961.874267578125,2986.7359537053417,2952.714803365684,2986.1043045039883,1719623
2023-05-12,2954.790283203125,2968.958216036899,2941.885648717414,2959.1668827295052,1027479
2023-05-15,2937.419189453125,2970.7635294766205,2931.3730258472074,2963.5441770356083,1150390
2023-05-16,2940.216552734375,2964.446592461722,2933.2679700818376,2938.456879642463,986306
2023-05-17,2895.591552734375,2959.9340659758723,2886.161319057114,2938.2308468250335,1588815
2023-05-18,2887.60546875,2913.865728945654,2883.228648558824,2911.1584719986504,1369364
2023-05-19,2908.36083984375,2918.873931901369,2890.492901561237,2896.7646688524947,1152449
2023-05-22,2976.80908203125,2985.6076660126437,2903.1266694318583,2914.8129497334676,1333243
2023-05-23,2975.320556640625,3003.2052151323046,2969.048788762343,2983.397162487744,1687418
2023-05-24,2981.005615234375,2993.5039850346407,2956.324369747154,2956.324369747154,1016555
2023-05-25,2972.116455078125,2983.396690599144,2948.2926857845728,2972.5676644989658,1374917
2023-05-26,3004.062255859375,3012.8608403328844,2969.8606669045807,2972.1167142054805,1791115
2023-05-29,2996.3466796875,3042.9565276981425,2988.811393753336,3032.849480091868,1210372
2023-05-30,2992.601318359375,3002.30232090628,2979.200530752283,2991.518459812908,1344224
2023-05-31,2968.507080078125,3002.9794392550057,2946.5330909329136,2986.1042492714746,5815424
2023-06-01,2999.640869140625,3014.0795736852247,2975.7267647386316,2990.61667880025,1177314
2023-06-02,2983.0361328125,3010.379250409834,2975.681286269555,3001.670995775546,2030661
2023-06-05,2967.965576171875,3002.347826057909,2964.491395428479,2991.518798732182,1861468
2023-06-06,2916.888916015625,2967.920753448757,2906.330658002561,2959.9342573409676,2022849
2023-06-07,2955.33203125,2958.896762718088,2924.740113866195,2935.5691423655453,1567196
2023-06-08,2920.6337890625,2950.9099891306146,2917.520487724549,2942.7882185183284,1759366
2023-06-09,2896.133544921875,2932.86195674756,2892.569033684028,2928.3498614294867,1775689
2023-06-12,2930.063720703125,2936.8318621815274,2897.6669716200145,2901.2766470751626,2324605
2023-06-13,2927.17626953125,2946.3978370029945,2922.9349445796934,2941.885742306206,1371928
2023-06-14,2933.8095703125,2938.141225924814,2911.0686537442966,2927.176702001411,1658544
2023-06-15,2924.035888671875,2952.3552093195044,2918.3083232724543,2950.4006679163926,2273810
2023-06-16,2886.39794921875,2908.6716434866084,2869.2154738515223,2906.489819361,4156189
2023-06-19,2918.671875,2922.7629614182097,2886.488750625675,2900.1257053530403,1468186
2023-06-20,2934.400146484375,2938.7640167937166,2910.171910116586,2921.9451044006205,1528452
2023-06-21,2962.12890625,2965.0380794151984,2930.991187092349,2954.674080653028,1645987
2023-06-22,2944.218505859375,2970.719565585934,2936.5819000456095,2963.7648075039565,1529603
2023-06-23,2924.08154296875,2954.1281240159633,2917.535626765662,2943.1277797551047,1119505
2023-06-26,2899.8076171875,2921.8540288219324,2884.670685198081,2913.762857251765,1978803
2023-06-27,2906.807861328125,2917.989986483776,2893.1254058850895,2911.035228452272,863542
2023-06-28,2923.263427734375,2937.354949548723,2903.2170571492807,2916.490450350226,1575872
2023-06-30,3002.175537109375,3009.221296943608,2922.035789841607,2927.39956983638,2672406
2023-07-03,2974.947509765625,3017.2220741820643,2971.720052392161,3013.130987303054,1687264
2023-07-04,3008.17578125,3013.766843625605,2979.4926768539303,2991.038586886347,1656681
2023-07-05,3018.267333984375,3026.495008241709,3004.6758793147633,3018.312834894104,1453008
2023-07-06,3020.949462890625,3025.9951812448,3001.9487253976645,3006.085313308048,1848238
2023-07-07,3026.722412109375,3051.859779118901,3001.948608480936,3001.948608480936,1789326
2023-07-10,2974.62939453125,3022.631527699752,2968.492763863689,3022.631527699752,1407431
2023-07-11,2975.0380859375,2995.58452074979,2964.4923069892843,2995.58452074979,1110172
2023-07-12,2963.674072265625,2990.266136197233,2954.764772000077,2982.811311383607,1515240
2023-07-13,3036.995361328125,3061.4508783669453,2975.356280703942,2985.583996893055,4585146
2023-07-14,3195.27490234375,3204.548209497131,3047.4049393977743,3059.223633971811,6306101
2023-07-17,3174.410400390625,3227.3217423976093,3161.0917295383088,3191.0475301955958,2743228
2023-07-18,3179.0927734375,3203.775575367843,3150.1368810015824,3160.1373155444444,2600090
2023-07-19,3154.72802734375,3197.275374973218,3132.545112140107,3181.9564387643286,2405370
2023-07-20,3156.7783203125,3170.9974981728874,3131.9401001133515,3147.4811227628634,1715404
2023-07-21,3070.18701171875,3130.892412746542,3061.755687476042,3102.772940548675,3770223
2023-07-24,3094.29541015625,3111.3403098046124,3073.650152372097,3081.762362983513,1680132
2023-07-25,3098.306396484375,3105.279462829651,3081.0336204622276,3096.802519593953,1272980
2023-07-26,3088.416748046875,3118.0859374639376,3085.408771798231,3099.400300884362,1066803
2023-07-27,3096.25537109375,3109.699914070163,3085.454295510359,3094.4780014441108,1701769
2023-07-28,3058.428466796875,3093.3387496319633,3036.1880906607657,3085.408792220562,2599831
2023-07-31,3118.63232421875,3123.37205037006,3063.4412963787145,3066.6315266292045,2743678
2023-08-01,3146.524169921875,3153.7705056233212,3112.7532591629024,3112.7532591629024,1956167
2023-08-02,3136.133544921875,3141.3746384347655,3111.477796074465,3130.9380706417523,1914899
2023-08-03,3099.035888671875,3129.388702064706,3069.9136819497357,3117.311399129482,2026351
2023-08-04,3138.7763671875,3163.79684221967,3100.2201122442098,3100.2201122442098,2248493
2023-08-07,3175.6923828125,3179.292741496562,3136.680374620139,3148.2563099923013,1853889
2023-08-08,3163.432861328125,3181.070146163837,3150.6719384869994,3175.692417693925,1634225
2023-08-09,3156.0498046875,3160.1515300654332,3121.9143791043803,3158.2373025425936,1794589
2023-08-10,3137.455322265625,3158.237218937404,3126.4717689822373,3144.656039836463,1096701
2023-08-11,3143.561767578125,3159.831808251447,3111.841719602854,3133.8088225124093,1679974
2023-08-14,3144.51904296875,3149.213150112812,3109.107396536846,3136.1787356940604,1190425
2023-08-16,3152.312255859375,3159.239702558436,3131.165629535196,3144.6557916406823,1328445
2023-08-17,3131.667236328125,3154.5002181176783,3111.112990794358,3149.213505497685,1843241
2023-08-18,3069.0927734375,3108.1957927852245,3059.4308441300896,3108.1957927852245,2526749
2023-08-21,3100.58447265625,3107.967665442393,3073.5587558829093,3076.2932387618084,1375579
2023-08-22,3082.810546875,3109.1072480565263,3067.224126908382,3099.0808101413627,1222012
2023-08-23,3097.486328125,3100.9044326583535,3077.2055745604357,3088.143509067167,1330046
2023-08-24,3087.914794921875,3110.975645069794,3079.1189639966838,3106.3725543779055,1152881
2023-08-25,3082.035888671875,3086.1376132448922,3053.7339446114943,3076.2934297630904,1158046
2023-08-28,3076.795166015625,3093.6121942799687,3062.712621128665,3093.6121942799687,1037485
2023-08-29,3077.34130859375,3089.5554654026487,3067.1782364370933,3081.8077640624656,944517
2023-08-30,3090.83203125,3106.464294438142,3083.6313141767887,3097.2581115677926,1188200
2023-08-31,3059.704833984375,3114.941268101216,3047.7185475864435,3099.9928470608975,3417652
2023-09-01,3080.1220703125,3089.054760630272,3059.704683185733,3068.090387808054,1277950
2023-09-04,3115.943603515625,3129.023637156642,3071.7817443830672,3079.028080349797,1828332
2023-09-05,3125.833740234375,3141.921529082659,3103.7753953952833,3117.311177679923,1501842
2023-09-06,3126.335205078125,3139.096129337514,3097.3498551438,3130.0724219100894,1314818
2023-09-07,3149.44140625,3153.771005173287,3119.4077066466084,3127.155409983017,1885092
2023-09-08,3137.272705078125,3158.3283161992513,3131.029101522507,3149.441245179643,1518917
2023-09-11,3172.593017578125,3177.1961089834826,3140.098329969077,3155.5937353709564,1783604
2023-09-12,3263.879150390625,3272.1736158051285,3174.7349547012377,3182.9384041965895,4476016
2023-09-13,3252.075927734375,3271.217313334427,3231.2481881992735,3255.038285029621,1754929
2023-09-14,3244.9658203125,3279.2834969091505,3231.794770182642,3254.0807646975677,2604721
2023-09-15,3279.830078125,3288.079146282796,3247.1529175210694,3252.0751204017056,2952897
2023-09-18,3286.986083984375,3298.972371206768,3258.820990532666,3263.1962090143597,1395753
2023-09-20,3286.894775390625,3304.167551602088,3263.1502992373726,3263.1502992373726,1649396
2023-09-21,3267.9814453125,3285.93784338978,3215.752763239707,3270.9438025915615,2004073
2023-09-22,3284.70703125,3312.143104423616,3249.523477440977,3266.7962535271386,1989083
2023-09-25,3260.55224609375,3299.6098718496296,3243.689598958607,3283.658719154224,1238778
2023-09-26,3268.345703125,3276.7770270409974,3223.0444721045315,3251.847786603666,1726062
2023-09-27,3271.627197265625,3294.141066523065,3241.0008935775677,3272.2651988981193,1541134
2023-09-28,3223.72802734375,3283.9322808574702,3215.160068443675,3281.38005186612,1755753
2023-09-29,3216.29931640625,3252.622235715334,3195.28932540776,3224.1380349399456,2243791
2023-10-03,3202.854736328125,3221.40351413728,3172.091799849083,3221.40351413728,1948148
2023-10-04,3224.639404296875,3233.982222159653,3169.539610773689,3177.7430606044213,1788138
2023-10-05,3271.672607421875,3303.2558002739493,3236.8989615455466,3239.4511904452584,2990768
2023-10-06,3300.885986328125,3313.2367809094894,3258.638351141779,3273.176643439127,2075691
2023-10-09,3316.336181640625,3353.3883449301275,3309.636607893801,3322.443150428711,4233074
2023-10-10,3307.72216796875,3325.13180122624,3282.610673537835,3317.885464751515,1848148
2023-10-11,3290.403564453125,3326.9545791162677,3285.9373308805875,3326.9545791162677,2426417
2023-10-12,3229.014892578125,3271.0346556007717,3224.958786550778,3258.5928446615626,4241281
2023-10-13,3254.81005859375,3260.4156604701616,3213.0179488837907,3217.575421151711,2890357
2023-10-16,3212.152099609375,3258.2735858136334,3207.6402465342494,3250.3892477395666,1671104
2023-10-17,3196.656494140625,3221.3578589700005,3193.2840093522973,3217.5752462064243,1672065
2023-10-18,3178.60888671875,3210.9213191020513,3175.646529881174,3200.2568789933416,1408245
2023-10-19,3157.955810546875,3177.3296712861907,3154.5288620352453,3170.6127629599455,1514545
2023-10-20,3193.504638671875,3198.028165823499,3147.355068054905,3153.1578999999892,1481211
2023-10-23,3116.37548828125,3179.2486146541296,3108.288023694424,3173.811234327899,1106272
2023-10-25,3098.05322265625,3129.946603916937,3086.2643847938266,3098.418674622007,1518537
2023-10-26,3049.298828125,3083.065649974906,3043.1303207181386,3077.9024700555783,1984471
2023-10-27,3062.275390625,3072.3735099895516,3049.5271870419792,3061.407274974717,1108851
2023-10-30,3087.498046875,3091.4276593319496,3046.557388528169,3061.4074995333685,910972
2023-10-31,3078.54248046875,3106.186535395408,3061.4534729540014,3106.186535395408,999811
2023-11-01,3043.72412109375,3081.14657643751,3025.767000563393,3065.9765288100825,1563475
2023-11-02,3070.63720703125,3085.121641576822,3055.1929592139313,3055.1929592139313,1245384
2023-11-03,3062.229248046875,3096.041801533921,3056.1979534521793,3090.65015927537,1402598
2023-11-06,3089.05126953125,3100.063241613325,3069.631895379179,3084.253541799562,1099852
2023-11-07,3080.095947265625,3110.8927502240704,3076.0293458419023,3086.995582368968,1191144
2023-11-08,3090.239501953125,3108.8820129756928,3079.273266502525,3081.009497872084,992899
2023-11-09,3059.076904296875,3099.3321699375433,3054.1421877854477,3098.0528650963947,2112352
2023-11-10,3046.283203125,3059.0771449775716,3036.139568807074,3050.441278848814,1338557
2023-11-13,3044.546630859375,3066.890289328859,3040.388555601047,3066.890289328859,1030990
2023-11-15,3111.029541015625,3118.9800168000415,3066.936137613749,3091.6559037281313,2059802
2023-11-16,3196.520263671875,3225.3066282942846,3120.076339309424,3134.5609961485866,3951984
2023-11-17,3200.724365234375,3220.8748683172735,3191.6773098626118,3196.5207753389523,2021292
2023-11-20,3216.39697265625,3229.4648915192706,3190.489151953326,3190.489151953326,1475621
2023-11-21,3207.806640625,3234.171387970376,3199.39923794906,3216.396992381275,1807236
2023-11-22,3226.037841796875,3228.3224741290987,3181.2135339255397,3198.485265113703,1798051
2023-11-23,3206.024658203125,3238.694901638103,3198.485371256592,3225.9009601530765,2729804
2023-11-24,3159.28125,3202.643529603171,3155.5343635105573,3193.230799217134,1989733
2023-11-28,3171.206787109375,3181.350644295862,3137.2572385975423,3159.28118436596,1689195
2023-11-29,3211.05078125,3214.934656261117,3176.37010665481,3181.122097340804,1441634
2023-11-30,3187.1533203125,3213.7005673797357,3181.121802199618,3197.9823428265554,3266235
2023-12-01,3209.1318359375,3213.975301516175,3189.3927447706055,3198.4855376057844,1172141
2023-12-04,3209.86279296875,3242.167584431117,3196.657662284584,3239.2888137345485,1625213
2023-12-05,3227.363037109375,3233.2116065096975,3201.044028590681,3233.2116065096975,1377656
2023-12-06,3293.61767578125,3301.6138895051217,3221.4688031800893,3228.2771864947563,1896572
2023-12-07,3303.48681640625,3317.788748405097,3282.2854733793333,3294.4397617823906,1967653
2023-12-08,3314.2705078125,3330.9940617152665,3291.74412143969,3320.027826121142,1641155
2023-12-11,3329.074462890625,3338.304465932567,3303.5780575817766,3310.797405863893,1102503
2023-12-12,3355.75927734375,3379.793429797475,3318.199834425044,3325.464920258755,2236866
2023-12-13,3283.97607421875,3335.563024872104,3256.0578240052896,3329.6687183950803,3850968
2023-12-14,3351.3271484375,3361.15106740831,3315.0929691048923,3317.2861268874835,3290396
2023-12-15,3528.38623046875,3560.3253463636993,3350.824558139156,3350.824558139156,8531230
2023-12-18,3526.7412109375,3590.5281905815186,3500.1937384877283,3525.736106571666,2521612
2023-12-19,3487.445556640625,3522.9945699903956,3463.5026541544753,3513.7645660221524,2004435
2023-12-20,3454.40966796875,3562.9296988605265,3442.072653930527,3497.543479836221,2586083
2023-12-21,3461.218017578125,3478.763949441548,3420.871499435154,3432.660113142662,1517562
2023-12-22,3494.57373046875,3514.632758384625,3437.9148467634514,3472.6412593570217,2413058
2023-12-26,3468.57470703125,3503.712309330165,3463.639767096589,3490.7813789656334,1285231
2023-12-27,3482.8759765625,3489.2729465846164,3443.397577619161,3471.7270162885334,1293976
2023-12-28,3472.5498046875,3507.3676920200533,3465.4219300223085,3494.5737504650037,1682889
2023-12-29,3466.609619140625,3493.2943032121766,3441.0217370731516,3465.3303142807017,1574996
2024-01-01,3482.78466796875,3501.884103192092,3447.966785319353,3463.5022836894645,825907
2024-01-02,3457.288818359375,3482.7854523506976,3442.71290681581,3482.7854523506976,1344068
2024-01-03,3373.716796875,3446.9165110740164,3369.421732416939,3442.4842348014154,1803075
2024-01-04,3350.915771484375,3398.6188470061647,3336.4768514169155,3382.8548848897744,3598144
2024-01-05,3415.890869140625,3424.8924099852666,3358.2726188503784,3358.409607550091,1963127
2024-01-08,3361.42529296875,3417.5815111616193,3356.0334267910252,3415.890793989658,1067805
2024-01-09,3372.02587890625,3429.09617357813,3365.4919196193155,3390.3486750012953,1370944
2024-01-10,3393.181884765625,3407.986258562806,3370.289822773917,3372.11752875156,1292227
2024-01-11,3413.7431640625,3447.966909732182,3387.6526197660214,3403.1881186966993,1777909
2024-01-12,3548.308349609375,3568.824304124089,3492.3805925763054,3516.5062216937445,6813450
2024-01-15,3567.499267578125,3623.4270246995534,3550.318787126801,3618.8577598512566,2801505
2024-01-16,3528.660400390625,3563.1126115927123,3523.405745987789,3563.1126115927123,1432672
2024-01-17,3549.953125,3573.1191625440915,3484.109977812694,3490.0042844962854,3458696
2024-01-18,3566.40283203125,3572.068676049219,3529.3003107278364,3562.1990189583394,2239110
2024-01-19,3628.47119140625,3647.3356893209884,3602.7050479129484,3630.265574324088,2941975
2024-01-23,3550.4365234375,3620.05103164089,3536.1731226435436,3588.855683640575,2618854
2024-01-24,3535.299560546875,3573.810614444089,3501.987657313185,3570.451902905774,2657709
2024-01-25,3506.312255859375,3552.9673375818998,3477.2332310375527,3533.550617096936,2205154
2024-01-29,3497.75390625,3515.2380746842937,3479.2115753809107,3497.5699073043315,1646747
2024-01-30,3497.340087890625,3540.820457055553,3484.871069366822,3503.6895122527035,1411621
2024-01-31,3511.511474609375,3528.12148113154,3493.5671947757637,3507.140432085803,2459358
2024-02-01,3546.663818359375,3593.3649569612444,3501.481176697016,3515.2384129880293,2363107
2024-02-02,3649.86669921875,3666.522537605696,3563.089954213246,3565.896668660393,2826510
2024-02-05,3656.308349609375,3701.12299635316,3646.0019356759444,3665.234434230392,1691523
2024-02-06,3806.02783203125,3818.818793148955,3671.675785736143,3678.1173222023467,4474396
2024-02-07,3757.6240234375,3823.511826118587,3748.927994541734,3821.671387213115,2124267
2024-02-08,3804.279541015625,3826.272697294097,3760.0629489197368,3763.697771027623,2345173
2024-02-09,3803.910888671875,3850.8879065348438,3772.89931699453,3806.533154346177,2100596
2024-02-12,3791.94873046875,3827.745179692485,3778.007045373113,3800.5065922172184,1013716
2024-02-13,3818.4501953125,3837.314691999789,3755.875279471736,3796.3190996609246,1257415
2024-02-14,3772.991455078125,3786.6105217576633,3726.4282660007943,3779.340878741885,1391283
2024-02-15,3775.8447265625,3815.505826442883,3757.2561134518432,3798.665989794075,1091582
2024-02-16,3798.942138671875,3817.024812052794,3772.99221729805,3785.0930143565315,1307556
2024-02-19,3776.396484375,3798.941861408623,3731.489953932272,3794.110709187132,772291
2024-02-20,3709.08251953125,3771.059390745061,3690.0800773274027,3756.427991026826,1193648
2024-02-21,3673.05615234375,3739.174013609637,3663.0258496095253,3692.840871691211,1885939
2024-02-22,3761.029541015625,3768.253129931845,3654.1919577495937,3654.1919577495937,2982052
2024-02-23,3728.82177734375,3800.506791364094,3723.576346109547,3800.506791364094,2538072
2024-02-26,3681.84423828125,3726.888937419443,3665.0041766684662,3714.0058645493514,1379284
2024-02-27,3776.94873046875,3794.985122078048,3679.957687485479,3679.957687485479,2960475
2024-02-28,3790.337890625,3823.419508575245,3762.777139768197,3768.8506776946274,1939225
2024-02-29,3768.390869140625,3807.9603066412583,3740.278119193048,3771.979635234801,3772719
2024-03-01,3767.701171875,3809.709106334484,3760.753469031092,3779.5260834832857,2043265
2024-03-04,3755.1396484375,3789.371768720034,3750.722549928762,3777.5010270993284,1749271
2024-03-05,3692.012451171875,3739.7717495452293,3662.473317714078,3737.9313106921068,2070859
2024-03-06,3740.04833984375,3747.1339854041835,3642.6430111880313,3675.402916839171,1744204
2024-03-07,3780.813720703125,3794.9850103625763,3715.570026925066,3740.692062833141,2688905
2024-03-11,3793.466552734375,3821.671187622541,3762.777145723229,3762.777145723229,2304068
2024-03-12,3857.791015625,3892.4834778502654,3792.2711936231376,3793.4677488220223,4039801
2024-03-13,3817.990966796875,3902.6511665908765,3802.2551224047547,3869.5232623236584,2837260
2024-03-14,3871.91552734375,3887.927256237985,3760.016750056428,3822.085732966261,2919608
2024-03-15,3882.6357421875,3900.8100755188275,3843.756472149597,3858.1119847979994,3373143
2024-03-18,3821.211669921875,3915.3041186273567,3789.326152475134,3878.9554465113024,1526904
2024-03-19,3659.98876953125,3734.2504323086932,3650.1424666014186,3728.0389511805306,8931209
2024-03-20,3654.099609375,3697.442038718445,3644.253305423998,3667.995014019841,1817913
2024-03-21,3655.986083984375,3688.6078209191865,3633.0266519750294,3671.7219275853204,3829582
2024-03-22,3598.88623046875,3623.824267937054,3547.4460520308135,3586.095269718309,5852485
2024-03-26,3568.1513671875,3631.8305162225056,3562.583993880569,3565.8508182724854,3440925
2024-03-27,3534.47119140625,3584.255159090906,3523.8886665462896,3578.2737319961457,1968575
2024-03-28,3567.046630859375,3602.65907796181,3534.1027302458065,3542.9369266623094,4311783
2024-04-01,3604.269775390625,3619.499453254275,3577.8595203158884,3586.7395487458493,1569676
2024-04-02,3573.94873046875,3597.920494660374,3564.0103144038126,3579.6540467417585,2142666
2024-04-03,3632.38232421875,3663.3936751293795,3543.7651451703696,3543.7651451703696,3973090
2024-04-04,3683.914794921875,3707.2422246114506,3621.293812578453,3658.7006456486115,3394637
2024-04-05,3661.78369140625,3682.7186864378496,3644.529574621965,3660.6334169539646,1636819
2024-04-08,3655.61767578125,3710.9227277310406,3644.068877210029,3665.2339237190768,2302538
2024-04-09,3631.6923828125,3695.4636403269888,3611.9076631803105,3666.1545588206272,1876992
2024-04-10,3666.752197265625,3671.8594599447097,3605.419663202159,3640.7559988262524,2101965
2024-04-12,3682.166015625,3693.162817777665,3630.725838259486,3654.1914342233986,4354821
2024-04-15,3626.769287109375,3739.956293057097,3606.386513708371,3682.1664597219246,4200329
2024-04-16,3563.825927734375,3615.2661050786087,3554.669789147579,3590.6962907179723,3051420
2024-04-18,3553.887939453125,3621.9841868688504,3542.8453047370613,3567.5072338688656,3476284
2024-04-19,3520.94384765625,3545.1917216335364,3497.6622490979976,3531.802482817412,2957749
2024-04-22,3556.280029296875,3568.6108795518617,3507.8763983629956,3530.8818836618084,1728883
2024-04-23,3565.574462890625,3584.2549637317557,3552.5995026977444,3567.737068587587,1807586
2024-04-24,3525.406982421875,3587.0156333989953,3519.3334438187635,3579.653877353025,1317312
2024-04-25,3544.869140625,3564.6078018941175,3506.95614613986,3507.1401450879403,2856271
2024-04-26,3516.48095703125,3567.507084546707,3499.1807851009403,3547.5841971159175,2039178
2024-04-29,3561.43310546875,3568.426862829934,3514.5019156929066,3531.802085484041,1110693
2024-04-30,3515.83642578125,3572.0619252249066,3506.036178297648,3563.089785398555,2203078
2024-05-02,3555.084228515625,3562.2619859302818,3476.6355119648906,3476.6355119648906,2491044
2024-05-03,3536.771484375,3582.966682325397,3494.625611625741,3579.7917453667596,2962234
2024-05-06,3608.2265625,3625.6186204477826,3545.605583246127,3545.605583246127,2053831
2024-05-07,3661.507080078125,3669.8351109068294,3601.278762922236,3617.198604098228,2062112
2024-05-08,3659.6669921875,3666.43069555621,3624.3767082288086,3644.9895357076884,1247685
2024-05-09,3644.253173828125,3654.191589237616,3598.1042563399305,3645.9096138402,1726486
2024-05-10,3583.242431640625,3656.584101641413,3575.0986242941894,3646.461687676862,1672489
2024-05-13,3632.84228515625,3639.467820073099,3561.249169072792,3574.592350714021,931326
2024-05-14,3589.960205078125,3631.0020839186186,3582.322338430397,3621.983888045264,1058317
2024-05-15,3570.81982421875,3613.656088871118,3566.3108383239633,3592.9972050666793,1115021
2024-05-16,3615.82080078125,3623.745907431527,3562.569994938758,3606.6908950730917,2599399
2024-05-17,3553.857177734375,3633.4784647992665,3550.0567653523444,3632.5515570276343,2765804
2024-05-21,3540.972900390625,3563.7285306494523,3531.564877355128,3550.6128766567804,1908117
2024-05-22,3551.910888671875,3560.4847863024115,3538.517115470372,3554.691612227725,1311168
2024-05-23,3608.868896484375,3619.5747261448155,3545.885560785401,3560.2062401149506,2095742
2024-05-24,3568.1318359375,3599.92482105189,3563.311960285678,3594.780437128097,1309452
2024-05-27,3565.860595703125,3622.6800874842297,3560.5772666527496,3573.2294672441094,1841538
2024-05-28,3559.23291015625,3587.132923412234,3550.0566141263193,3576.0100306264594,1801993
2024-05-29,3525.6328125,3567.57539103945,3522.2496895007944,3567.57539103945,1568095
2024-05-30,3463.02001953125,3517.0585585131757,3443.879239356087,3500.930454720642,2919230
2024-05-31,3402.63232421875,3475.7190986563346,3386.6895544695403,3466.635356473782,10956800
2024-06-03,3432.2001953125,3477.340554094406,3425.8507871826455,3459.9610350847533,2156773
2024-06-04,3443.462158203125,3471.2693896287224,3328.989055501083,3429.5585424903265,3395997
2024-06-05,3472.614013671875,3507.2341138262987,3429.5591875094774,3444.3897137257345,2799670
2024-06-06,3550.427001953125,3559.23262470231,3468.025001692234,3504.637854175688,4328036
2024-06-07,3609.332763671875,3628.844219100155,3556.8235246852323,3556.8235246852323,4552445
2024-06-10,3576.658935546875,3620.4089366489284,3561.08683988795,3610.3057325626605,1734661
2024-06-11,3570.541748046875,3596.3559953752433,3560.2529805994373,3563.960611925237,1419898
2024-06-12,3551.586181640625,3608.9155195936296,3547.693214139478,3591.211490093849,2177001
2024-06-13,3594.6875,3605.6714482720763,3570.4489508339425,3574.898153664247,1932323
2024-06-14,3551.95703125,3604.7443844726295,3548.2030094526167,3604.7443844726295,1860730
2024-06-18,3536.24609375,3561.179823442644,3517.661546809407,3546.395689059985,1774045
2024-06-19,3523.8251953125,3553.6254156533255,3515.7147523909116,3547.8784064893566,1509050
2024-06-20,3510.431396484375,3531.4721572718627,3503.757705904956,3518.5418393437685,2846526
2024-06-21,3532.2138671875,3594.363079879569,3520.4421834921905,3547.2761188024833,4642195
2024-06-24,3537.8212890625,3575.082932652868,3514.1851431504833,3530.359636956601,1702154
2024-06-25,3557.888916015625,3566.4164218366413,3515.668223832292,3538.0067905497995,1338808
2024-06-26,3574.01708984375,3584.3056293758546,3560.2524201950137,3563.4965970944363,1639845
2024-06-27,3646.59423828125,3653.8705550444147,3539.0267689087714,3550.9837890347926,4526556
2024-06-28,3618.786865234375,3670.554754499888,3612.947527343435,3631.439292021709,2731571
2024-07-01,3687.42431640625,3709.2066482395257,3600.109652784797,3600.109652784797,2658723
2024-07-02,3723.759765625,3729.321213112644,3691.457160578462,3701.6995382940486,2307449
2024-07-03,3675.4208984375,3731.8233246647856,3665.920094147989,3726.1690969595234,1821198
2024-07-04,3727.0498046875,3751.5203059355035,3691.039573096493,3707.4921862442698,2518001
2024-07-05,3718.56884765625,3732.4260743437953,3696.508396221036,3716.900368316538,1668616
2024-07-08,3701.328125,3736.5970115088844,3687.285562563459,3728.023114490228,1758882
2024-07-09,3694.19091796875,3714.0730443794923,3684.551167677433,3693.7274640836704,1305801
2024-07-10,3623.42138671875,3710.68988827446,3616.7940867398565,3692.522405623858,2669716
2024-07-11,3636.907958984375,3689.092911509367,3610.8619865173036,3643.6744309405326,4872189
2024-07-12,3878.135986328125,3892.9665108049144,3681.0289111762886,3689.092963601374,13509164
2024-07-15,3864.464599609375,3930.089497924817,3853.202306545461,3926.103974989564,4848030
2024-07-16,3873.0380859375,3887.960939474929,3841.940057628319,3867.059349578485,2029521
2024-07-18,4000.1171875,4008.8766481494176,3855.936845387648,3855.936845387648,5613364
2024-07-19,3997.189453125,4049.542098426852,3981.2561576790754,4011.125359400057,3903354
2024-07-22,3983.20849609375,4013.4959657428576,3962.443898651249,3994.9147516811868,1896386
2024-07-23,3997.14404296875,4052.2838814085662,3963.6511354841136,3979.1666292711343,2365208
2024-07-24,4000.7666015625,4031.2863283691627,3965.323035780266,3983.346717956277,1809793
2024-07-25,4015.8642578125,4034.909999231854,3970.990814364529,3990.315092493855,2810342
2024-07-26,4076.578369140625,4108.723954458355,4029.3818216621617,4041.4133370768022,3552210
2024-07-29,4070.30810546875,4116.668145742772,4060.924501250656,4101.803173878207,1746803
2024-07-30,4055.67431640625,4086.0080507932844,4020.3232924395934,4079.5976241161015,1797906
2024-07-31,4074.25537109375,4100.872862492605,4036.7676908768394,4041.412993167837,2330091
2024-08-01,4085.172607421875,4105.797481325745,4055.395941895072,4087.3092654244533,2202244
2024-08-02,3979.212646484375,4086.0083392177967,3967.088587644382,4055.349340765276,2811282
2024-08-05,3860.293212890625,3938.2880347144414,3818.903743027533,3938.2880347144414,2787771
2024-08-06,3875.298095703125,3956.1726465616275,3865.63550170226,3875.065830532775,2203067
2024-08-07,3902.472412109375,3943.8156049253885,3883.7514798638163,3928.0678477776632,1237666
2024-08-08,3876.5517578125,3931.7845938309133,3864.8922283404063,3884.402501608471,2441283
2024-08-09,3928.76513671875,3951.898655663078,3907.210748658729,3917.8486743229014,1302536
2024-08-12,3898.01318359375,3938.288053067427,3889.3731010986708,3929.926507307199,936912
2024-08-13,3899.220947265625,3933.642459984778,3886.260370835221,3914.132187982019,1495593
2024-08-14,3990.54736328125,4000.7207578523953,3891.044886752686,3910.4158901229916,3226545
2024-08-16,4102.77783203125,4112.951226936545,4018.280043659057,4041.413561593398,3457058
2024-08-19,4171.4814453125,4175.429952248486,4078.9006616478773,4107.376273881194,2055210
2024-08-20,4202.41943359375,4241.161440255413,4180.772504085293,4185.417806867609,2212298
2024-08-21,4228.6201171875,4236.51713377458,4173.851803046981,4197.4965812266555,1896990
2024-08-22,4182.63134765625,4237.399658376934,4178.172037672117,4236.5168692386715,1829872
2024-08-23,4147.23388671875,4186.347432150737,4138.965337379391,4180.773068059991,1809253
2024-08-26,4183.04931640625,4229.223358650871,4166.837026562577,4170.553269172667,1844164
2024-08-27,4178.12451171875,4190.063030371992,4168.50864441272,4185.417727677566,930697
2024-08-28,4186.39306640625,4238.838715366386,4141.101365063979,4179.611105918801,1848058
2024-08-29,4191.7353515625,4232.8000107357375,4143.61019488178,4143.61019488178,2133641
2024-08-30,4230.708984375,4266.477811363402,4169.43726681697,4180.771985657425,3637222
2024-09-02,4200.3291015625,4262.5298880777955,4191.921284875112,4251.3811612563195,1216500
2024-09-03,4192.2470703125,4232.707481664155,4176.963840595747,4200.329626081671,1717263
2024-09-04,4161.4951171875,4168.695337572208,4121.963766080883,4159.358459046624,1265505
2024-09-05,4158.4287109375,4179.843374955519,4138.1749189531665,4163.120285213532,1688793
2024-09-06,4140.5908203125,4198.378570967705,4125.029055295338,4156.570844055927,1649179
2024-09-09,4133.9013671875,4171.714314661398,4116.202944403391,4138.964928860649,1184938
2024-09-10,4188.06591796875,4217.88885396822,4125.447324234446,4127.305445435125,1385591
2024-09-11,4161.587890625,4226.622135770557,4154.062408672436,4200.701434505407,1325919
2024-09-12,4197.21728515625,4211.0601974701785,4116.94608580757,4190.295602177849,2742216
2024-09-13,4201.76953125,4224.43851900476,4185.417974074432,4208.644488913913,1458786
2024-09-16,4193.08251953125,4223.555524057743,4175.6163626806965,4205.857102070119,1155120
2024-09-17,4186.02197265625,4214.033060161901,4149.184809090063,4193.0829242332575,1699364
2024-09-18,4037.836181640625,4178.031319677868,4014.4704009082216,4178.031319677868,2961779
2024-09-19,3991.3837890625,4108.492155250461,3978.0516781123274,4078.6224926759214,2927551
2024-09-20,3980.931396484375,4023.4826411815384,3927.603412493341,4010.6613336102855,5447908
2024-09-23,3965.694580078125,4003.693062226499,3951.2941429242746,3994.959984616595,1702319
2024-09-24,3968.29638671875,3986.5990621222545,3939.216971195143,3950.0404365312907,3012026
2024-09-25,3971.501708984375,3985.29834930729,3939.2168538730334,3950.69084274909,2713073
2024-09-26,3987.99267578125,4010.5686671887433,3957.798205900553,3957.798205900553,3964251
2024-09-27,4003.04345703125,4067.4271730367495,3995.006720191253,4027.47756855055,3012477
2024-09-30,3965.694580078125,3993.7986590396717,3957.8438377210014,3982.789201841877,2503416
2024-10-01,3983.71875,3991.011966244493,3941.9577493270317,3953.66354966123,1823365
2024-10-03,3932.481201171875,3975.4502533375357,3911.345072809307,3960.2137504333123,3350119
2024-10-04,3950.59814453125,3993.102669221074,3924.398452773479,3925.281241847147,2965463
2024-10-07,3969.73583984375,3992.404822983552,3929.3679838136836,3970.7111718113024,1472619
2024-10-08,3951.5263671875,3975.8212072770098,3905.7238683642827,3969.5037776609793,1541867
2024-10-09,3951.248046875,3990.3148595609528,3945.441418732449,3957.7977419626677,1082504
2024-10-10,3927.5107421875,3989.247001339516,3900.753978007147,3951.5270497469596,2378875
2024-10-11,3854.858154296875,3941.028518940875,3820.7151796266107,3849.0977975212186,5759183
2024-10-14,3843.19873046875,3869.909224735711,3829.7740759707513,3846.311174442351,2137590
2024-10-15,3824.75634765625,3874.1362795372975,3804.5030088222256,3837.995460690613,2759474
2024-10-16,3804.456298828125,3823.0840074608377,3778.674869616208,3795.2121920966033,2359151
2024-10-17,3817.51025390625,3836.9742562004353,3802.5987849412795,3821.0405029589083,2522659
2024-10-18,3839.908203125,3861.4219511234783,3799.814751434331,3809.128022883925,2361000
2024-10-21,3799.67529296875,3855.6481475353057,3790.501629279664,3848.802801800323,1595450
2024-10-22,3739.744384765625,3808.942041444194,3731.2228318055472,3786.7764085311996,1928049
2024-10-23,3787.008544921875,3831.0601316478997,3720.791101978377,3724.9356891717393,1966476
2024-10-24,3769.9189453125,3798.8833095961822,3729.033775833075,3729.033775833075,2676744
2024-10-25,3778.906494140625,3810.990668738502,3755.762923689694,3778.440830569176,1759676
2024-10-28,3809.919677734375,3850.106352412569,3772.8062006829505,3789.5234771784344,1532534
2024-10-29,3795.390869140625,3821.7008604425628,3781.281354135695,3814.5762988806255,1445885
2024-10-30,3804.1455078125,3824.960761415852,3781.234995410785,3795.158291397516,1935002
2024-10-31,3695.92529296875,3798.231674391787,3688.0556237919313,3790.5016133417075,3740372
2024-11-01,3710.593505859375,3724.3305810268316,3703.003280699814,3715.855640568731,154895
2024-11-04,3691.92041015625,3717.7647384247807,3644.51594943524,3693.9228999424704,2269192
2024-11-05,3698.6259765625,3712.2698276535116,3670.45333173397,3670.45333173397,967590
2024-11-06,3855.3681640625,3864.8210432401042,3702.258078759821,3728.6612931693503,3792017
2024-11-07,3865.845703125,3916.975471746434,3804.5179478782275,3883.3549260647524,3724349
2024-11-08,3862.21337890625,3883.401069856363,3834.878838313008,3869.663995504092,1648039
2024-11-11,3910.36376953125,3943.5186546704363,3834.8794257124828,3844.7052007056577,1406487
2024-11-12,3909.152099609375,3928.3375279408815,3878.3719222634713,3926.4748738261633,1587640
2024-11-13,3865.333251953125,3908.546735441652,3847.358367321904,3891.1775771830066,1098813
2024-11-14,3861.189208984375,3874.3210129831064,3833.761896778277,3851.0378338185446,1825432
2024-11-18,3743.469482421875,3923.6812860911455,3716.181551430071,3923.6812860911455,3313944
2024-11-19,3762.142578125,3848.383334503383,3738.440347986104,3743.8418634756777,1776233
2024-11-21,3793.15576171875,3811.409636894372,3747.660340835974,3767.124986745769,2384347
2024-11-22,3953.111083984375,3962.7504103811857,3775.6000484761144,3791.4326091135326,3096553
2024-11-25,4018.770263671875,4030.877517790061,3960.189871234577,3986.0805866028463,4052167
2024-11-26,4053.787841796875,4066.733198149224,4014.0199908461996,4024.3109738880953,2060669
2024-11-27,4035.021240234375,4076.7913536382084,4027.1049595017485,4059.6086406624336,1558993
2024-11-28,3953.390625,4041.913545627335,3942.3079225932315,4022.4020594566896,2558544
2024-11-29,3977.55859375,4003.496145463694,3907.5226111522825,3930.2005178866866,2017425
2024-12-02,3982.960205078125,3993.7173066183545,3939.560268502564,3976.766970418375,1670944
2024-12-03,4007.268310546875,4027.9903417849596,3972.529986146478,4018.071797558005,2010905
2024-12-04,4055.370849609375,4085.6858211811555,3994.5085294279797,4017.3260445950987,3302642
2024-12-05,4157.490234375,4180.727025606259,4060.585839082934,4098.583799897478,3746747
2024-12-06,4140.21435546875,4158.375232745017,4109.713394915021,4147.199308267314,1842087
2024-12-09,4146.40771484375,4162.47310676674,4112.321053205062,4126.198190317889,2066639
2024-12-10,4128.15380859375,4185.1975942064855,4109.108442002176,4122.193406026578,2087828
2024-12-11,4123.404296875,4143.148158287083,4104.358476029229,4127.502045111503,1635256
2024-12-12,4149.01611328125,4177.002312539005,4122.054010099808,4125.825703197917,1914642
2024-12-13,4166.66455078125,4186.222421425734,4092.624040484277,4130.389630221359,1967048
2024-12-16,4111.99609375,4167.689279201268,4095.0457565693796,4152.788043789598,1646224
2024-12-17,4031.249755859375,4128.5270630912055,4021.470820330549,4107.1529221069295,3225027
2024-12-18,4049.271240234375,4062.4494297592523,3995.0214283858018,4015.6038513847143,1575404
2024-12-19,3978.536865234375,4064.3121975674294,3969.3168162310685,3987.9433615911394,3015763
2024-12-20,3883.913818359375,4081.075977540209,3867.3363753390504,4031.7156336767607,4116989
2024-12-23,3872.737548828125,3927.406635038312,3832.3180410204754,3911.620457771177,2195338
2024-12-24,3892.481201171875,3928.337290714911,3872.7368868483727,3872.7368868483727,1181886
2024-12-26,3882.7958984375,3911.527430384508,3858.62777832456,3892.48160931481,1208464
2024-12-27,3878.837890625,3893.8323483767854,3862.4464421773887,3877.114844483566,858100
2024-12-30,3873.203125,3910.921874141445,3829.617196780828,3865.938955213331,1527169
2024-12-31,3813.5986328125,3855.6481919731173,3755.157851490963,3851.0379404710184,1555429
2025-01-01,3830.03662109375,3850.1065398065944,3804.8905600046846,3813.2258927424173,763161
2025-01-02,3888.989013671875,3895.7411349313184,3815.6006224345697,3837.0675295044302,1720835
2025-01-03,3818.34814453125,3892.9011567771527,3811.270194517517,3892.9011567771527,1791953
2025-01-06,3813.78466796875,3864.681605615779,3787.148620607623,3823.563603014824,2085593
2025-01-07,3751.6650390625,3856.020287112112,3736.065309985075,3832.364669490885,2669054
2025-01-08,3826.2646484375,3842.6560984111843,3741.839927142883,3757.812097968954,2181277
2025-01-09,3761.49072265625,3853.5988861539504,3748.8711943929684,3819.3726136468736,2392472
2025-01-10,3972.715576171875,4001.9127733457603,3883.6342250062416,3911.5740395746316,7894300
2025-01-13,3996.41845703125,4026.081320920444,3937.0927292528613,3953.48417981758,4003771
2025-01-14,3942.354248046875,4017.6521397931906,3929.3156678223904,4006.5694375522967,3441709
2025-01-15,3957.768310546875,3964.1479930593564,3918.5129585242826,3928.338278958004,1653474
2025-01-16,3917.441162109375,3999.118734083526,3903.9837578032057,3967.4536113637214,2637705
2025-01-17,3911.75048828125,3946.1800146177866,3888.7502327632087,3945.5159044693314,1761466
2025-01-20,3867.647216796875,3932.1425484323627,3858.447160711793,3932.1425484323627,1287799
2025-01-21,3827.85888671875,3899.135870393051,3822.3102791739225,3884.245030505511,1971591
2025-01-22,3942.385986328125,3948.598240960883,3835.7784821299006,3841.2796202434547,2409223
2025-01-23,3931.810791015625,3975.3452017162494,3926.6887142484056,3953.1984717808796,1822998
2025-01-24,3938.35498046875,3962.682991900412,3892.4966488174464,3892.4966488174464,1910099
2025-01-27,3855.6484375,3942.1485418020825,3832.7905934392124,3890.59942943467,1551782
2025-01-28,3832.07958984375,3890.599779117484,3820.69802052405,3861.007745197988,2468272
2025-01-29,3888.512939453125,3896.148353343233,3845.0734688360117,3845.0734688360117,1217089
2025-01-30,3888.75048828125,3917.0622374954364,3849.3419857109207,3888.6083112735987,1531251
2025-01-31,3900.463623046875,3915.686749530312,3874.7129156799383,3898.1874018590165,1492943
2025-02-01,3863.236083984375,3922.752200523697,3846.970018860413,3901.032467350315,437172
2025-02-03,3858.96826171875,3866.8880293594016,3792.623246059982,3823.1637429283855,1265713
2025-02-04,3895.38916015625,3906.5813140143973,3856.5023649775358,3873.2426631324765,2547132
2025-02-05,3880.261474609375,3936.1259160718655,3865.9395744358853,3936.1259160718655,1693912
2025-02-06,3872.341796875,3926.1671344471406,3842.749763323274,3893.8244160755,2284536
2025-02-07,3821.741455078125,3879.218476720966,3801.4444143514993,3879.218476720966,1548940
2025-02-10,3828.902099609375,3843.176530616503,3807.4669498989556,3831.7949614241543,1339511
2025-02-11,3759.28466796875,3831.794697050472,3751.1752541669844,3811.307781294286,1810908
2025-02-12,3746.575439453125,3814.4855628593755,3737.090798282343,3766.445947952812,1678002
2025-02-13,3708.63671875,3779.10764599597,3701.143945163747,3763.5054582381317,2277310
2025-02-14,3732.064208984375,3744.536419785488,3699.010141125482,3722.721744594235,1681975
2025-02-17,3703.2783203125,3731.2580130898646,3657.4674549788515,3657.7520405391615,1799806
2025-02-18,3673.591064453125,3722.1523795147264,3665.33947318774,3697.492313192335,2149879
2025-02-19,3589.08349609375,3675.251330310773,3573.95530675462,3672.6430537431497,4366672
2025-02-20,3584.625,3592.781883594646,3557.973298668796,3567.647585834546,2888572
2025-02-21,3590.88525390625,3620.287642408916,3580.4521483085296,3581.4955514917533,1833931
2025-02-24,3486.1748046875,3569.260122487774,3480.8633130033377,3550.2433706104594,2508516
2025-02-25,3442.497802734375,3469.4815591448155,3434.6255046618817,3438.1822449152423,4101954
2025-02-27,3426.3740234375,3450.512388419143,3415.1346312530945,3425.5677363307773,3823856
2025-02-28,3303.7373046875,3414.470479257877,3278.840124109578,3400.196049414815,7085018
2025-03-03,3313.03271484375,3341.6762855972443,3297.0035319217445,3305.397532195103,4990439
2025-03-04,3350.022705078125,3367.996053645755,3285.7642616440216,3294.9643171966636,2797737
2025-03-05,3364.249755859375,3414.8029405590255,3339.400041837824,3339.400041837824,2501894
2025-03-06,3415.98828125,3423.433585251506,3353.863884772035,3373.6866911774378,2786513
2025-03-07,3425.093505859375,3438.1823567291294,3390.1899807262357,3414.4707542689284,2051315
2025-03-10,3404.654052734375,3435.4318979249574,3397.9675660982793,3420.635765390215,1004626
2025-03-11,3391.0439453125,3403.8007419067008,3355.3341308822914,3374.6354690920352,1995450
2025-03-12,3325.5048828125,3385.305592458114,3307.15224085139,3381.2746199098347,3174167
2025-03-13,3330.10498046875,3342.672130004524,3304.5439188567675,3321.8059194545594,1693004
2025-03-17,3317.442626953125,3348.504824268339,3298.1415226710474,3309.1910361154605,2690906
2025-03-18,3317.442626953125,3317.442626953125,3317.442626953125,3317.442626953125,0
2025-03-19,3316.8740234375,3364.2022912119846,3284.294187734508,3364.2022912119846,3051244
2025-03-20,3379.52001953125,3394.505799750347,3331.0061697900233,3331.0061697900233,2845192
2025-03-21,3393.69970703125,3429.8835221492395,3286.4283178007922,3295.912959410607,4161925
2025-03-24,3441.9287109375,3461.6568103088644,3382.792113898217,3414.470721860925,1834751
2025-03-25,3469.24462890625,3518.8018790902024,3450.5124625687754,3457.1517113972473,3135390
2025-03-26,3448.426025390625,3490.822326860632,3438.9888533482517,3459.7601257453803,1734499
2025-03-27,3463.0322265625,3474.2241497420814,3424.4297823215356,3428.5556939598323,2528474
2025-03-28,3420.303955078125,3472.279837617975,3406.7883407304835,3462.8426654904715,2051919
2025-04-01,3367.80615234375,3399.2951120927096,3343.335733852344,3388.577422151902,2618493
2025-04-02,3361.3095703125,3380.421262394588,3348.126010889205,3361.3570398330285,1764313
2025-04-03,3227.765380859375,3321.521146037298,3221.1261324235493,3311.088041352429,4537821
2025-04-04,3129.36279296875,3224.4463321821277,3125.6638750891457,3189.305917649939,5317367
2025-04-07,3105.31884765625,3121.7745604042666,2898.5536795332505,2940.2386292720134,6623955
2025-04-08,3123.244873046875,3176.4063332063806,3087.535291604866,3131.875989149625,5557558
2025-04-09,3079.28369140625,3101.4776590955953,3046.5142098890965,3092.5147195117684,2990265
2025-04-11,3064.961669921875,3128.9355257101774,3040.7758359181594,3120.020055994998,7108961
2025-04-15,3080.80078125,3143.5890530173965,3071.695665599668,3143.5890530173965,3512160
2025-04-16,3105.08154296875,3109.159984550683,3062.590308725503,3080.800771527295,2384391
2025-04-17,3128.888427734375,3133.346394679939,3052.157767289551,3078.2405325476193,2932346
2025-04-21,3150.41845703125,3181.148601343861,3114.851053170071,3120.5418377878595,2432946
2025-04-22,3143.589599609375,3162.084651201983,3125.189487058646,3151.367191167024,2710498
2025-04-23,3237.108154296875,3244.6009284823726,3165.3094642241085,3191.581874951358,3543923
2025-04-24,3226.295654296875,3236.633820616935,3213.1118640484187,3225.8214222352462,2252175
2025-04-25,3270.304443359375,3298.568721809185,3229.5204842339535,3243.7474467195657,2742991
2025-04-28,3266.0361328125,3279.5992157727555,3229.520264912607,3257.9741879514845,1593296
2025-04-29,3293.541748046875,3314.8821913387555,3253.6113148639492,3276.9436254865236,1578332
2025-04-30,3275.710205078125,3329.013837756505,3192.5299551721982,3293.0671433029925,2809332
2025-05-02,3254.1806640625,3311.5627480542753,3243.7475578821773,3293.0676961891577,1721761
2025-05-05,3276.279541015625,3323.892391856476,3268.7865357954893,3272.201099131072,1284443
2025-05-06,3281.685791015625,3294.01582433447,3259.871116682284,3281.685791015625,1324763
2025-05-07,3267.5537109375,3281.211501134211,3244.3163408615387,3244.3163408615387,1477128
2025-05-08,3271.15771484375,3297.809648457028,3251.9987864937443,3270.304189784248,2543591
2025-05-09,3263.001220703125,3268.5970664946117,3222.976080385976,3223.8296054868374,2531757
2025-05-12,3433.8193359375,3443.3989159735165,3321.7109255991563,3324.3666713915923,2228678
2025-05-13,3333.851318359375,3436.2854413701325,3329.5832299005933,3433.819342081611,3062887
2025-05-14,3365.814453125,3377.4806076856794,3327.7811822404,3339.542044274439,2119499
2025-05-15,3395.40625,3414.470469410984,3332.9975027782,3380.3257647168743,3548330
2025-05-16,3377.765380859375,3408.6851728219754,3363.3487722739774,3408.6851728219754,1666727
2025-05-19,3337.45556640625,3367.0476004136544,3323.133665679634,3367.0476004136544,2537377
2025-05-20,3318.01220703125,3374.6354708973113,3313.9337648440714,3349.785756293493,2038374
2025-05-21,3344.09521484375,3354.717967864812,3318.0124486248405,3327.2125053066898,1440153
2025-05-22,3297.81005859375,3317.538160476014,3273.434574705347,3314.882414375944,2034383
2025-05-23,3333.47216796875,3352.820743852965,3286.9974249846496,3297.8098235860703,1274331
2025-05-26,3355.001953125,3362.3050800477968,3329.203777101799,3339.5419426934536,967470
2025-05-27,3318.391357421875,3357.5629717372003,3303.5954561426133,3349.9752588067204,2467680
2025-05-28,3317.442626953125,3347.1295977218288,3312.9848922760975,3338.593421360396,1222933
2025-05-29,3317.822265625,3350.449337105284,3306.819989757275,3324.0819895701998,3188072
2025-05-30,3284.91064453125,3325.979188538535,3275.141649033021,3310.1398835450454,3404365
2025-06-02,3272.011474609375,3281.6857620470387,3242.41944121709,3272.201121116267,1877585
2025-06-03,3229.7099609375,3294.490106360913,3225.252225904789,3268.407343175387,2848125
2025-06-04,3235.1640625,3248.465034332547,3224.7340073768614,3242.9150002967904,2544807
2025-06-05,3225.786865234375,3262.0530702216233,3218.7057063727016,3262.0530702216233,3584683
2025-06-06,3238.322021484375,3244.7331673196672,3213.9212139850256,3225.7868448606714,2070390
2025-06-09,3274.396728515625,3285.975243758928,3244.7330032516393,3253.440835404879,1718678
2025-06-10,3313.62939453125,3335.54241560308,3275.640735062478,3291.7166070762078,2419874
2025-06-11,3322.24169921875,3338.604687522634,3300.424692969312,3320.423693236899,2847013
2025-06-12,3286.166748046875,3324.9209717927824,3275.640909498604,3322.2416207116808,4060134
2025-06-13,3297.1708984375,3301.76403815699,3246.933943792306,3246.933943792306,2178493
2025-06-16,3345.590087890625,3357.7426005937496,3278.5116939874692,3291.716884024651,1934088
2025-06-17,3363.770751953125,3368.268108670322,3337.743272382211,3358.6991651797816,2111940
2025-06-18,3302.625244140625,3385.4923927635227,3294.683207501011,3367.4071820205213,2696327
2025-06-19,3276.40625,3302.242397415304,3265.8804121641356,3301.2855030665887,2672768
2025-06-20,3287.60205078125,3297.7452248908758,3263.871022884297,3277.3633274014865,2351248
2025-06-23,3247.317138671875,3277.3635313225304,3224.73433592903,3267.7945867055305,3123421
2025-06-24,3244.254638671875,3293.726265410323,3236.2168192617623,3286.549557502439,3403048
2025-06-25,3296.31005859375,3301.2858630262535,3253.441140373699,3260.426516604334,1757699
2025-06-26,3293.439208984375,3302.625255099875,3268.081507258558,3296.3098921986184,2879106
2025-06-27,3292.76953125,3316.978773543857,3283.1048040170426,3306.0702704397795,1778433
2025-06-30,3312.7685546875,3315.5434551196317,3282.1479325760038,3291.6210940950255,1468351
2025-07-01,3281.860595703125,3334.776901436363,3266.35895353028,3306.0700701470973,2375183
2025-07-02,3275.736572265625,3339.4655976963195,3272.57877409358,3336.8820295980254,3090585
2025-07-03,3254.20654296875,3287.2193999790024,3251.144527592608,3282.147812903343,2531870
2025-07-04,3272.3876953125,3279.27728864699,3243.967976797223,3261.096294049881,1109320
2025-07-07,3264.63671875,3278.416138875185,3261.4789203702617,3270.952315509477,1639174
2025-07-08,3259.37353515625,3277.363195918518,3247.125240576613,3258.2253086430815,2325242
2025-07-09,3237.939208984375,3266.837372173034,3221.8633368794976,3263.0097947012437,2034938
2025-07-10,3236.216796875,3252.484001353674,3211.33754296644,3234.303008112803,3035012
2025-07-11,3125.21728515625,3191.2430024482833,3120.528595780786,3157.655913683438,7635550
2025-07-14,3083.78369140625,3130.9586344245786,3062.062234156067,3125.217267735536,3924009
2025-07-15,3112.10791015625,3118.901720676558,3067.8036497758007,3067.8036497758007,2590889
2025-07-16,3104.234375,3115.5638600833036,3092.2326031663256,3098.3774165813243,2540733
2025-07-17,3081.286865234375,3112.7795615982277,3076.3902829424,3095.593117992358,2947640
2025-07-18,3062.75634765625,3100.1060057073505,3059.972030096825,3096.4574198500977,3432645
2025-07-21,3032.319580078125,3070.1493050764375,3026.3667482040605,3062.8521341278406,3844346
2025-07-22,3033.6640625,3053.3469689942053,3028.8633535989743,3033.6640625,3198036
2025-07-23,3052.386962890625,3055.1712804131353,3031.7439136986445,3033.6641973444102,1922875
2025-07-24,3022.5263671875,3047.2019644087272,3014.8452328363246,3038.944885626984,2934778
2025-07-25,3010.812744140625,3031.0715957495104,3001.019344529776,3014.845292873372,2568917
2025-07-28,2956.56494140625,2993.7223853235596,2947.5394670779647,2986.0412502746217,3374473
2025-07-29,2934.193115234375,2951.475666305782,2919.9829708048537,2938.033682139132,4785312
2025-07-30,2931.88916015625,2946.6752504448114,2925.7441118523307,2938.033974050545,2880121
2025-07-31,2915.758544921875,2937.841805411508,2894.827407662822,2920.4631457840833,2968371
2025-08-01,2883.305908203125,2915.7587488570334,2880.4254827204045,2909.133629601001,2053847
2025-08-04,2951.85986328125,2956.6605722928375,2872.360309577052,2889.1627911176092,2519252
2025-08-05,2941.778564453125,2954.8365875722943,2920.7515513874637,2951.86005402892,1927996
2025-08-06,2911.43798828125,2944.562879940478,2905.3890481398157,2940.9142942671037,1487081
2025-08-07,2925.552001953125,2929.9687479023937,2890.890789951502,2895.7876067904904,2543076
2025-08-08,2915.374267578125,2937.8417248012156,2904.428745573524,2926.6081133944717,2762140
2025-08-11,2919.599365234375,2928.3365153663553,2900.876599282036,2915.3746004762743,1884215
2025-08-12,2914.414306640625,2972.9829560524563,2906.253101394714,2919.791194448837,3358232
2025-08-13,2915.182373046875,2923.0554886191444,2907.8854362960733,2915.0864995163706,2148166
2025-08-14,2901.836669921875,2934.0972944331475,2898.764262979319,2913.0702823357074,3342174
2025-08-18,2891.17919921875,2927.472609378642,2883.6900456286708,2925.072254664491,2945609
2025-08-19,2895.9794921875,2904.42878644818,2891.0829099205744,2891.178783449569,2650784
2025-08-20,2975.095458984375,2979.7039520714934,2890.890836056874,2890.890836056874,4952358
2025-08-21,2978.935791015625,3005.2435803513467,2960.213027495864,3005.2435803513467,3230726
2025-08-22,2932.273193359375,2972.3110613965996,2928.432625981039,2962.997732386061,1593791
2025-08-25,3015.421630859375,3026.3671543415535,2954.4526225152476,2964.246022642929,3448370
2025-08-26,3031.35986328125,3035.9685911364395,2995.6426326203955,3004.283909445262,5522097
2025-08-28,2970.390625,3021.086158669707,2963.4776509563167,3019.645945976872,3116051
2025-08-29,2961.74951171875,2990.8418565958136,2954.548447858567,2969.7187359392783,2271789
2025-09-01,2988.53759765625,3006.3002217717835,2966.8382982161247,2966.8382982161247,1246862
2025-09-02,2987.481201171875,3029.247369338668,2979.416103841445,2996.698656186325,2185229
2025-09-03,2974.0390625,3016.6692623196923,2964.917715899919,3005.1475613511693,1799774
2025-09-04,2972.310546875,2993.7217531847627,2967.60594641478,2991.8014698280053,1481391
2025-09-05,2926.80029296875,2979.703965451406,2907.885546409113,2973.655259644998,2802055
2025-09-08,2898.66796875,2942.7383816988513,2895.7875434746607,2928.4323632618416,2626187
2025-09-09,2927.856201171875,2938.0337976334035,2909.997705008497,2911.2459361835313,2489301
2025-09-10,2986.041015625,2998.2347696750494,2931.696895660388,2934.5773210773896,2079428
2025-09-11,2999.6748046875,3013.8849494515116,2986.1369466753263,3013.8849494515116,2263446
2025-09-12,3008.50830078125,3023.198517586115,2996.6026359147436,3018.685897890405,1447167
2025-09-15,2987.865234375,3009.0844623500607,2972.5990732086116,3009.0844623500607,1732539
2025-09-16,3020.318115234375,3024.4467719955323,2985.1770648150605,3003.3236516831826,2573429
2025-09-17,3046.337890625,3055.5551110798156,3017.1494398273812,3026.366894691811,2418271
2025-09-18,3050.082275390625,3075.334050504916,3035.392059613066,3058.0514988629902,2633138
2025-09-19,3042.88134765625,3053.730996885227,3018.685821162444,3043.6495079786732,4901694
2025-09-22,2951.283935546875,2983.0644887376598,2942.8346407567424,2971.6388949892716,3634901
2025-09-23,2940.338134765625,2957.9087764692863,2930.352753876681,2947.6353061603577,3177741
2025-09-24,2914.414306640625,2935.153463147022,2912.1100600997443,2928.432470591566,1625714
2025-09-25,2839.523193359375,2908.845617084501,2833.3783797594588,2901.548445826189,4974361
2025-09-26,2783.54736328125,2837.027218062639,2776.0582098827367,2823.7772134975207,3934636
2025-09-29,2780.6669921875,2812.5436557187713,2778.6506004758216,2799.7737218339657,3110035
2025-09-30,2773.2734375,2799.101392157332,2770.105157137798,2794.9727356006983,2253458
2025-10-01,2798.044921875,2808.2225177556543,2752.3423171660024,2775.7696811050214,1952902
2025-10-03,2786.2353515625,2807.454578770542,2775.8660078142957,2807.454578770542,2899519
2025-10-06,2869.287841796875,2874.28076699856,2780.1868646812827,2786.3316788238635,2112774
2025-10-07,2855.173583984375,2884.745997894136,2837.699050349848,2875.624650921264,3062943
2025-10-08,2906.541015625,2921.711301932003,2849.70067174965,2856.421663900003,4121889
2025-10-09,2939.666015625,2943.794672125363,2899.628150625765,2913.070135429991,3211304
2025-10-10,2907.597412109375,2947.635277630445,2887.0502372807746,2928.4324419455565,8817365
2025-10-13,2887.338134765625,2914.510192335436,2878.6968592818434,2906.348987711864,2866865
2025-10-14,2842.307861328125,2906.5412549765147,2837.699133735008,2900.5884226064827,3611416
2025-10-15,2862.06396484375,2871.6047262713414,2843.9459294866183,2863.220385125294,4282226
2025-10-16,2862.93115234375,2867.075207263124,2836.332545372744,2862.1601270799792,3251495
2025-10-17,2854.73974609375,2880.374867719902,2848.1863837329993,2862.2568312933195,4374683
2025-10-20,2905.81689453125,2913.333979311689,2870.4483153754104,2877.1943748710046,3133039
2025-10-21,2897.625244140625,2921.814780103732,2887.313457420898,2921.140221212513,310644
2025-10-23,2961.712890625,2985.613263353556,2925.958915568601,2944.1731825516827,5564758
2025-10-24,2952.07568359375,2977.9035021252716,2947.3535359078196,2968.2662739630537,2684318
2025-10-27,2972.98828125,2981.9509500743798,2949.184375870237,2955.2558763824863,1946312
2025-10-28,2946.968017578125,2978.096312781555,2929.9101701396817,2964.4114953280427,3470737
2025-10-29,2946.678955078125,2964.4113606511696,2935.596142774,2946.96788369373,2895420
2025-10-30,2925.187744140625,2952.653842834952,2922.778437237614,2938.487165302022,2241536
2025-10-31,2947.064208984375,2956.1231088421955,2915.357824198127,2924.898585437403,1868085
2025-11-03,2907.35888671875,2947.0642176101555,2900.805524854993,2936.3668007969727,2194877
2025-11-04,2881.723876953125,2919.4055326440953,2868.039060214524,2910.0574685167057,2670720
2025-11-06,2901.6728515625,2914.2977142131544,2881.531139384038,2881.627605776501,2542721
2025-11-07,2883.265869140625,2895.023240036059,2853.1012989769483,2892.1320716871546,1830520
2025-11-10,2915.4541015625,2937.3305615709287,2883.4585523829414,2884.422275161144,1556656
2025-11-11,2936.46337890625,2944.847720230334,2908.5154176367123,2934.5359333014544,2806868
2025-11-12,3018.18701171875,3022.619995280987,2946.1969680097523,2948.991669923252,4460315
2025-11-13,2993.03369140625,3018.2831803470704,2989.4679642954256,3018.186949242595,1740435
2025-11-14,2993.322998046875,3000.1655239975616,2965.6642009169345,2977.9034333434784,2210794
2025-11-17,2989.660888671875,3010.188231818854,2974.626953832486,2993.323082448971,2232853
2025-11-18,2975.108642578125,2992.3591859617445,2966.338671301208,2989.4680176661295,2548350
2025-11-19,3033.51025390625,3040.5454775036865,2971.639296317787,2984.6495543039355,3151053
2025-11-20,3030.715576171875,3049.7008686990343,3024.2586803244717,3033.79944214396,2700767
2025-11-21,3036.30517578125,3055.0013041600305,3021.463703354114,3030.715536432949,4177037
2025-11-24,3027.245849609375,3063.578150159984,3017.415924634444,3043.4364388360186,6703764
2025-11-25,3006.04443359375,3035.534448554938,3001.9968444557608,3031.197695489111,2737920
2025-11-26,3048.15869140625,3062.71099952004,3003.923909850209,3005.658657913636,2508527
2025-11-27,3022.81298828125,3064.6384631299097,3011.6337098367826,3064.6384631299097,2836233
2025-11-28,3023.680419921875,3033.124950840084,3011.6338843843378,3026.0897270293826,1616690
2025-12-01,3019.72900390625,3039.581788202742,3008.935355329588,3024.0657566161144,1747647
2025-12-02,3021.94580078125,3029.9447477765,3007.2007935969305,3017.416350282513,2512003
2025-12-03,3064.63818359375,3095.380843586067,3025.125552924774,3026.0892756240173,3952112
2025-12-04,3112.0537109375,3132.0991928283806,3071.7700496468055,3078.130714428876,5025905
2025-12-05,3120.72705078125,3152.915532717371,3105.5001838412545,3112.824571063191,5244013
2025-12-08,3119.0888671875,3141.6398867746047,3092.2010949656524,3125.353065437683,2544725
2025-12-09,3091.911865234375,3116.390329915732,3065.794883587669,3112.824602659864,2734893
2025-12-10,3073.504638671875,3108.005961204973,3062.8074569989867,3108.005961204973,1386849
2025-12-11,3076.10693359375,3092.0083609433445,3038.714674477584,3088.73179730002,1914362
2025-12-12,3103.66943359375,3106.0787407149996,3070.131831409176,3081.696505591174,1146554
2025-12-15,3113.017333984375,3120.727116365754,3081.31094805451,3094.610369719165,1562190
2025-12-16,3088.828125,3103.187500999765,3075.3360054304358,3103.187500999765,1734623
2025-12-17,3101.067138671875,3119.474102184826,3084.394687896739,3084.394687896739,1376350
2025-12-18,3161.78173828125,3168.5277977297296,3104.1510690788923,3110.897128527372,2307422
2025-12-19,3162.938232421875,3197.5357868591873,3159.854366515901,3179.3215200364916,3902511
2025-12-22,3204.281982421875,3207.8479451634685,3171.6118722000997,3189.9226061933546,2632816
2025-12-23,3189.92236328125,3199.4631245744913,3174.0209376032617,3199.4631245744913,2365420
2025-12-24,3198.59619140625,3206.4024407323423,3176.5270318942603,3184.2368148202168,1367708
2025-12-26,3161.0107421875,3199.5596536775915,3153.108262388808,3192.910060559104,1176664
2025-12-29,3133.544677734375,3168.7205598617948,3125.2565675579217,3161.010777477703,2079473
2025-12-30,3129.01513671875,3148.9641510011397,3121.9799134409154,3132.099002526,2807593
2025-12-31,3089.887939453125,3128.2441532690227,3082.4673210816295,3122.461816571668,3362634
